Hyperlink,Labels
https://www.8thwall.com/company,Company Direct Website
https://www.8thwall.com/aircards/bt-careers,Company Career Page
https://www.linkedin.com/jobs/8th-wall-jobs-worldwide,Company LinkedIn
https://www.linkedin.com/company/8thwall,Company LinkedIn
"https://www.glassdoor.com/Overview/Working-at-8th-Wall-EI_IE6684018.11,19.htm",Others
https://www.8thwall.com/discover/business,Company Direct Website
https://boards.greenhouse.io/niantic8thwall,Others
https://www.8thwall.com/aircards/pot-noodle,Company Direct Website
https://www.indeed.com/q-8th-wall-jobs.html,Others
https://forum.8thwall.com/c/job-board/12,Company Career Page
https://www.accenture.com/us-en/careers,Company Career Page
https://www.accenture.com/us-en/careers/jobsearch,Company Career Page
https://www.accenture.com/us-en/careers/life-at-accenture/entry-level,Company Career Page
https://www.accenture.com/us-en/careers/life-at-accenture/experienced,Company Career Page
https://www.accenture.com/us-en/blogs/blogs-careers,Company Career Page
https://www.accenture.com/us-en/careers/explore-careers/area-of-interest/ai-and-analytics-careers,Company Career Page
https://www.accenture.com/us-en/careers/jobdetails?id=R00169575_en,Company Career Page
https://www.accenture.com/us-en/careers/jobdetails?id=R00197633_en,Company Career Page
https://www.linkedin.com/jobs/accenture-jobs-houston-tx,Company LinkedIn
"https://www.indeed.com/q-accenture-l-houston,-tx-jobs.html",Others
https://www.adepttech.com/careers.html,Company Career Page
"https://www.indeed.com/cmp/Adept-Technologies,-LLC/locations/AL/Huntsville",Others
"https://www.indeed.com/cmp/Adept-Technologies,-LLC",Others
https://www.adept.ai/careers,Company Career Page
https://www.adept-techconsulting.com/careers/,Company Career Page
https://adept-tech.us/careers/,Company Career Page
https://boards.greenhouse.io/adept,Others
https://www.ziprecruiter.com/Jobs/Adept-Technology,Company Career Page
https://www.glassdoor.com/Jobs/Adept-Technologies-AL-Jobs-E5202447.htm,Others
https://adepttechservices.com/careers/,Others
https://agilethought.com/careers/,Company Career Page
https://www.linkedin.com/company/agilethought/jobs,Company LinkedIn
https://agilethought.com/,Company Direct Website
https://agilethought.com/guilds/,Company Direct Website
https://agilethought.com/work/,Company Direct Website
https://www.indeed.com/cmp/Agilethought,Others
https://www.indeed.com/cmp/Agile-Thought,Others
https://www.linkedin.com/jobs/agilethought-jobs-worldwide,Company LinkedIn
https://recruiting.paylocity.com/recruiting/jobs/All/e77c0786-c566-4fff-b105-489e0c21b6d6/AGILETHOUGHT-LLC,Others
https://startup.jobs/@agilethought,Company Career Page
https://www.airliquide.com/join-us/careers-air-liquide,Company Career Page
https://usa.airliquide.com/careers,Company Direct Website
"https://www.indeed.com/q-air-liquide-l-cypress,-tx-jobs.html",Others
https://electronics.airliquide.com/join-us/job-offers,Company Career Page
"https://www.indeed.com/q-air-liquide-l-houston,-tx-jobs.html",Company Direct Website
https://airliquidehr.wd3.myworkdayjobs.com/AirLiquideExternalCareer,Company Career Page
https://www.linkedin.com/jobs/air-liquide-jobs-houston-tx,Company LinkedIn
"https://www.ziprecruiter.com/co/Air-Liquide/Jobs/-in-Houston,TX",Company LinkedIn
https://www.linkedin.com/company/airliquide/jobs/,Company LinkedIn
https://www.ziprecruiter.com/co/Air-Liquide/Jobs/--in-Texas,Company LinkedIn
https://careers.airbnb.com/positions/,
https://careers.airbnb.com/positions/5702905/,Company Career Page
https://careers.airbnb.com/positions/5572633/,Company Career Page
https://careers.airbnb.com/positions/5864701/,Company Career Page
https://careers.airbnb.com/,Company Career Page
https://careers.airbnb.com/life-at-airbnb/,Company Career Page
https://careers.airbnb.com/internship-programs/,Company Career Page
https://news.airbnb.com/what-makes-airbnb-airbnb/,Company Career Page
https://www.linkedin.com/company/airbnb/jobs,Company LinkedIn
https://careers.airbnb.com/faq/,Company Career Page
https://awl.com/careers/,Company Career Page
https://www.indeed.com/m/jobs?q=All+Web+Leads+Inc.&l=Texas,Others
https://www.indeed.com/q-all-web-leads-l-texas-jobs.html,Others
https://boards.greenhouse.io/allwebleads/jobs/4377685002,Others
https://awl.com/careers/contact-center-jobs/,Company Career Page
https://www.ziprecruiter.com/Jobs/Awl/--in-Texas,Others
https://www.flexjobs.com/remote-jobs/company/awl-all_web_leads,Others
https://wellfound.com/company/all-web-leads-1/jobs,Company LinkedIn
https://www.linkedin.com/jobs/all-web-leads-inc.-jobs-worldwide?f_C=201976&trk=top-card_top-card-primary-button-top-card-primary-cta,Company LinkedIn
https://www.glassdoor.com/Jobs/Allweb-Solutions-SA-Jobs-E8119214.htm,Others
https://www.amazon.jobs/,Company Career Page
https://www.amazon.jobs/en/search,Company Career Page
https://www.amazon.jobs/en-gb,Company Career Page
https://www.amazon.jobs/landing_pages/hourly-jobs,Company Career Page
https://www.amazon.jobs/search-jobcategory,Company Career Page
https://hiring.amazon.com/,Company Career Page
https://hiring.amazon.com/job-opportunities/fulfillment-center-jobs,Company Direct Website
https://hiring.amazon.com/app,Company Direct Website
https://hiring.amazon.com/job-opportunities/warehouse-jobs,Company Direct Website
https://hiring.amazon.com/contact-us,Company Direct Website
https://www.amazon.jobs/en/teams/amazon-robotics,Company Career Page
https://www.amazon.jobs/en-gb/teams/amazon-robotics,Company Career Page
https://www.linkedin.com/jobs/amazon-robotics-jobs,Company LinkedIn
https://www.indeed.com/q-amazon-robotics-jobs.html,Others
https://www.ziprecruiter.com/Jobs/Amazon-Robotics,Others
"https://www.glassdoor.com/Jobs/Amazon-robotics-engineer-Jobs-EI_IE6036.0,6_KO7,24.htm",Others
https://www.linkedin.com/jobs/amazon-robotics-engineer-jobs,Company LinkedIn
https://www.indeed.com/q-amazon-robotics-l-texas-jobs.html,Others
https://www.ziprecruiter.com/n/Amazon-Robotics-Jobs-Near-Me,Others
"https://www.glassdoor.com/Jobs/Amazon-robotics-Jobs-EI_IE6036.0,6_KO7,15.htm",Others
https://crowd.appen.com/,Company Direct Website
https://jobs.lever.co/appen-2,Company Career Page
https://jobs.lever.co/appen-2?location=Hyderabad,Company Career Page
https://jobs.lever.co/appen-2/b9472942-e1e7-405b-aef9-d03028c5e1ae,Company Career Page
https://jobs.lever.co/appen-2/743b2b30-9c68-48d3-9893-e26c09fb7b78,Company Career Page
https://jobs.lever.co/appen-2?commitment=Project%20-%20Regular%20Full-time,Company Career Page
https://connect.appen.com/qrp/public/project?type=search_evaluation,Company Career Page
https://www.linkedin.com/company/appen/jobs,Company LinkedIn
https://www.indeed.com/cmp/Appen,Others
https://www.indeed.com/cmp/Appen/reviews,Others
https://arbala.co.uk/pages/careers,Company Career Page
https://www.zoominfo.com/c/arbala-systems-inc/455695794,Others
https://proemployhire.com/viewjob/houston-methodist/weekend-nurse-rn-texas-arbala-5yz6obi4xdma,Others
https://technologycouncil.com/2021/10/welcome-new-ntc-members-september-2021/,Others
https://proemployhire.com/viewjob/houston-methodist/performance-improvement-specialist-rn-texas-arbala-rcb2sseljfg6,Others
https://www.linkedin.com/in/brianahickspmp,Company LinkedIn
https://rocketreach.co/john-kaney-email_34445313,Others
https://thejobrise.com/jobdata/orthodontic-hygienist-heartland-dental-texas-arbala-fxj7th94ch9i,Others
https://www.salary.com/research/company/cypress-search-group-llc/property-accountant-salary?cjid=33777842,Others
https://www.landsearch.com/properties/arbala-tx,Others
https://www.indeed.com/q-argonauts-jobs.html,Others
https://www.cfl.ca/careers/,Company Career Page
https://argodata.com/careers/,Company Direct Website
https://argonaut.org/our-work/,Company Direct Website
https://www.indeed.com/m/jobs?q=The+Argonauts,Others
https://www.argolimited.com/careers/,Company Career Page
https://www.glassdoor.com/Jobs/Argonaut-Gold-Jobs-E844898.htm,Others
https://www.argonautinc.com/,Company Direct Website
https://www.argonautinc.com/about,Company Direct Website
https://www.argonautinc.com/contact,Company Direct Website
https://www.linkedin.com/jobs/aspen-technology-jobs-houston-tx,Company LinkedIn
"https://www.indeed.com/q-aspen-technology-l-houston,-tx-jobs.html",Others
https://www.linkedin.com/company/aspen-technology/jobs,Company LinkedIn
"https://www.ziprecruiter.com/co/Aspen-Technology/Jobs/-in-Houston,TX?id=tIfdLuVCXgeNpC+38FZyEd5Glbo=",Others
https://aspen-technology.com/careers,Company Direct Website
https://www.ziprecruiter.com/co/Aspen-Technology/Jobs/--in-Texas?id=tIfdLuVCXgeNpC+38FZyEd5Glbo=,Others
https://aspentech.wd5.myworkdayjobs.com/AspenTech,Company Direct Website
https://www.glassdoor.com/Jobs/AspenTech-Jobs-E3701.htm,Others
https://www.aspentech.com/ru/careers/career-development,Company Direct Website
https://www.simplyhired.com/search?q=aspen+technology&l=texas&pp=,Others
https://www.indeed.com/cmp/Atomic-Labs,Others
https://atomic.vc/join-team,Company Career Page
https://atomiclabs.co.nz/careers/,Company Career Page
https://wellfound.com/company/atomic-labs,Others
https://newatomlabs.com/careers.html,Company Career Page
https://lanl.jobs/,Others
https://atom-computing.com/careers/,Company Career Page
https://www.atomgroups.com/careers/,Company Career Page
https://www.atomprobe.com/keyaptlinks/careers,Company Career Page
https://atom-semiconductor.com/career/,Company Career Page
https://www.bgcg.com/careers/,Company Career Page
https://www.linkedin.com/company/bgc_group/jobs,Company LinkedIn
https://jobs.brookshires.com/content/Who-We-Are/?locale=en_US,Company Direct Website
https://www.indeed.com/cmp/Bgc-Partners,Others
https://www.linkedin.com/jobs/bgc-partners-jobs,Company LinkedIn
https://www.bgcg.com/,Company Direct Website
https://www.bgcg.com/bgc/history/,Company Direct Website
https://www.bgcg.com/bgc/,Company Direct Website
https://www.bgcg.com/contact/,Company Direct Website
https://www.efinancialcareers.com/jobs/at-bgc-partners,Others
http://usa.baidu.com/careers,Company Career Page
http://research.baidu.com/Career,Company Career Page
http://usa.baidu.com/careers/?gh_jid=5108488,Company Career Page
https://www.linkedin.com/company/baidu-inc/jobs,Company LinkedIn
https://www.glassdoor.com/Jobs/Baidu-Jobs-E35325.htm,Others
http://usa.baidu.com/careers/?gh_jid=5030858,Company Career Page
http://usa.baidu.com/careers/?gh_jid=3226178,Company Career Page
https://www.linkedin.com/company/baidu-usa/jobs,Company LinkedIn
https://usa.baidu.com/careers/?gh_jid=5593682,Company Career Page
https://www.indeed.com/cmp/Baidu-USA,Others
https://careers.bakerhughes.com/,Company Career Page
"https://www.indeed.com/q-baker-hughes-l-cypress,-tx-jobs.html",Others
https://www.linkedin.com/jobs/baker-hughes-jobs-houston-tx,Company LinkedIn
https://www.indeed.com/q-baker-hughes-l-texas-jobs.html,Others
https://www.linkedin.com/company/bakerhughes/jobs,Company LinkedIn
https://bakerhughes.wd5.myworkdayjobs.com/BakerHughes,Company LinkedIn
https://www.ziprecruiter.com/co/Baker-Hughes/Jobs/--in-Texas?id=e1pTyF18iECqZL3+FgROHUN7yjs=,Others
"https://www.glassdoor.com/Jobs/Baker-Hughes-Texas-Jobs-EI_IE1902699.0,12_IL.13,18_IS1347.htm",Others
https://www.bakerhughes.com/,Company Direct Website
https://careers.bakerhughes.com/global/en/search-results,Company Career Page
https://blackpearltechnology.com/,Company Direct Website
https://www.linkedin.com/company/blackpearltechnology,Company LinkedIn
http://blackpearl.technology.s3-website-ap-southeast-1.amazonaws.com/content/interactive/careers.html,Others
https://www.salary.com/research/company/black-pearl-technology/manager-operations-salary?cjid=19021611,Others
https://www.facebook.com/theblackpearltech/,Others
"https://www.glassdoor.com/Overview/Working-at-Black-Pearl-EI_IE4467814.11,22.htm",Others
https://blackpearl.us/,Company Direct Website
https://www.salary.com/research/company/black-pearl-technology-salary,Others
https://www.indeed.com/cmp/Pearl-Technology,Others
https://www.glassdoor.com/Jobs/Blackpearl-Media-Jobs-E5026239.htm,Others
https://blackfinoffshore.com/,Company Direct Website
https://www.linkedin.com/company/blackfin-offshore,Company LinkedIn
https://www.blackfin-group.com/careers,Company Career Page
https://www.blackfinrei.com/careers,Company Career Page
https://www.indeed.com/q-Blackfin-l-any-jobs.html,Others
"https://www.glassdoor.com/job-listing/industrial-pipe-valve-and-fitting-sales-buying-specialist-blackfin-supply-JV_IC1140181_KO0,57_KE58,73.htm?jl=1009120423246",Others
https://www.linkedin.com/jobs/view/industrial-pipe-valve-fitting-sales-buying-specialist-at-blackfin-supply-3825814619,Company LinkedIn
"https://www.indeed.com/cmp/Blackfin,-LLC",Others
https://blackfinoffshore.com/contact-us,Company Direct Website
https://www.blackfin-group.com/contact,Company Direct Website
https://careers.bloomberg.com/job/search,Company Career Page
https://www.bloomberg.com/company/what-we-do/,Company Direct Website
https://www.bloomberg.com/company/careers/working-here/product/,Company Direct Website
https://www.bloomberg.com/company/careers/global-roles/,Company Career Page
https://www.bloomberg.com/company/careers/working-here/media/,Company Career Page
https://www.bloomberg.com/company/careers/early-career/,Company Career Page
https://www.bloomberg.com/company/careers/early-career/full-time-roles-at-bloomberg/,Company Career Page
https://www.bloomberg.com/company/careers/early-career/apprenticeships-at-bloomberg/,Company Career Page
https://www.bloomberg.com/company/careers/early-career/internships-at-bloomberg/,Company Career Page
https://www.linkedin.com/company/bloomberg/jobs,Company LinkedIn
https://bostondynamics.com/careers/,Company Career Page
https://bostondynamics.wd1.myworkdayjobs.com/Boston_Dynamics,Company Career Page
https://www.linkedin.com/company/boston-dynamics/jobs,Company LinkedIn
https://www.linkedin.com/jobs/boston-dynamics-jobs,Company LinkedIn
https://www.glassdoor.com/Jobs/Boston-Dynamics-Jobs-E261553.htm,Others
https://www.indeed.com/q-boston-dynamics-jobs.html,Others
https://www.ziprecruiter.com/co/Boston-Dynamics/Jobs?id=NKqfexI6+xoPezv347nN+nj0MnM=,Others
https://bostondynamics.com/blog/unlocking-the-power-of-campus-recruiting/,Others
https://www.indeed.com/q-robotics-boston-dynamics-jobs.html,Others
https://www.quora.com/How-can-I-start-preparing-myself-to-get-a-job-in-Boston-Dynamics-or-similar-robotic-companies-as-a-senior-in-high-school,Others
https://broadwaytechnology.com/careers/,Company Career Page
https://www.ziprecruiter.com/co/Broadway-Technology/Jobs/--in-Texas?id=BrHTantxDHejGAOj7Jka+QK9y6U=,Others
https://www.glassdoor.com/Jobs/Broadway-Technology-Jobs-E280111.htm,Others
https://www.linkedin.com/company/broadway-technology/jobs,Company LinkedIn
https://broadwaytechnology.com/about-us/,Company Direct Website
https://www.glassdoor.com/Salary/Broadway-Technology-Salaries-E280111.htm,Others
https://broadwaytechnology.com/,Company Direct Website
https://broadwaytechnology.com/broadway-named-best-trading-solution-for-fixed-income-markets-in-the-tradingtech-insight-awards-usa-2023/,Company Direct Website
https://broadwaytechnology.com/broadway-enhances-duration-trader-to-meet-hedging-needs-in-volatile-european-bonds/,Others
https://www.linkedin.com/company/broadway-technology/life,Company LinkedIn
https://www.localbiznetwork.com/united-states/oak-lawn/call4fix-garage-door-repair-oak-lawn,Others
https://www.linkedin.com/posts/loganthompson_virtualassistants-hiring-activity-6967932296704253952-vE6i,Company LinkedIn
"https://www.indeed.com/l-call,-tx-jobs.html",Others
https://www.call4fixappliancerepairpanoramacity.com/,Others
https://www.zillow.com/profile/GarageDoorLakewood,Others
https://www.gdrepairwashingtontownshipnj.com/,Others
https://cypresstxappliancesrepair.com/appliance-technician/,Others
https://www.lewisvilletxgateservicerepairco.com/,Others
https://www.localtechsappliancerepairservicefrisco.com/,Others
https://www.mylaborjob.com/pro/call4fix-garage-door-repair-chamblee-ga,Others
https://www.carbonblackglobal.com/careers/,Company Career Page
https://www.linkedin.com/jobs/vmware-carbon-black-jobs,Company LinkedIn
https://www.linkedin.com/jobs/carbon-black-jobs,Company LinkedIn
https://www.indeed.com/q-carbon-black-vmware-jobs.html,Others
https://www.indeed.com/m/jobs?q=Carbon+Black+Vmware,Others
https://www.themuse.com/hiring/company/vmwarecarbonblack/,Others
https://www.builtincolorado.com/company/vmware-carbon-black/jobs,Others
https://www.ziprecruiter.com/Jobs/Carbon-Black-Vmware,Others
https://www.broadcom.com/company/careers,Company Direct Website
https://wellfound.com/company/carbonblack/jobs,Others
https://www.cayan.net/jobs-vacancies/,Company Career Page
https://www.indeed.com/cmp/Cayan,Others
https://www.indeed.com/cmp/Cayan-LLC,Others
https://www.linkedin.com/company/cayanllc,Company LinkedIn
https://www.cayan.net/services_group/career/,Company Career Page
https://cyan.com/company/careers/,Company Career Page
https://www.caymanchem.com/HR,Company Direct Website
https://cayan-fm.com/careers/,Company Career Page
https://www.nijobfinder.co.uk/jobs/company/cayan/,Others
https://www.tsys.com/,Company Direct Website
https://www.circle.com/en/careers,Company Career Page
https://www.circle.com/en/careers-detail/lead-product-manager,Company Career Page
https://www.circle.com/en/careers-detail/principal-product-manager,Company Career Page
https://www.circle.com/en/careers-detail/senior-data-engineer-financial-data,Company Career Page
https://careers.circle.so/,Company Career Page
"https://www.indeed.com/q-circle-k-l-cypress,-tx-jobs.html",Others
https://boards.greenhouse.io/circle,Others
"https://www.indeed.com/q-circle-k-l-houston,-tx-jobs.html",Others
https://workwithus.circlek.com/global/en/,Company Career Page
https://workwithus.circlek.com/global/en/search-results,Company Career Page
https://www.cisco.com/c/en/us/about/careers.html,Company Career Page
https://www.cisco.com/c/en/us/about/careers/applying-to-cisco.html,Company Career Page
https://www.cisco.com/c/en/us/about/careers/job-areas/engineering.html,Company Career Page
https://www.cisco.com/c/en/us/about/careers/job-areas/operations-and-support.html,Company Career Page
https://www.cisco.com/c/en/us/about/careers/job-areas/sales-and-marketing.html,Company Career Page
https://jobs.cisco.com/,Company Direct Website
https://jobs.cisco.com/jobs/Login,Company Direct Website
https://jobs.cisco.com/jobs/SearchJobs,Company Career Page
https://jobs.cisco.com/jobs/OpenEvents,Company Career Page
https://jobs.cisco.com/jobs/SearchJobs/Customer%20Success?3_12_3=%229013351%22,Company Career Page
https://www.citadel.com/careers/open-opportunities/,Company Career Page
https://www.citadel.com/careers/open-opportunities/students/full-time/,Company Career Page
https://www.citadel.com/careers/open-opportunities/engineering/,Company Career Page
https://www.citadel.com/careers/open-opportunities/students/internships/,Company Career Page
https://www.citadel.com/careers/open-opportunities/business-operations/,Company Career Page
https://www.citadelsecurities.com/careers/,Company Career Page
https://www.citadelsecurities.com/careers/open-opportunities/,Company Career Page
https://www.citadelsecurities.com/careers/students/,Company Career Page
https://www.citadelsecurities.com/news-and-insights/category/careers/,Company Career Page
https://www.citadelsecurities.com/careers/students/the-citadel-securities-quant-invitational/,Company Direct Website
https://clearpathrobotics.com/robotics-careers/,Company Career Page
https://jobs.jobvite.com/clearpath,Others
https://www.glassdoor.com/Jobs/Clearpath-Jobs-E1052534.htm,Others
https://ca.linkedin.com/company/clearpath-robotics,Company LinkedIn
https://clearpath.org/careers/,Company Career Page
https://www.ziprecruiter.com/Jobs/Clearpath-Robotics,Others
https://clearpathrobotics.com/blog/tag/careers/,Company Career Page
https://ca.linkedin.com/company/clearpathinc,Company LinkedIn
https://clearpathrobotics.com/,Company Direct Website
https://clearpathrobotics.com/robots/,Company Direct Website
https://www.cobalt.io/life,Company Career Page
https://boards.greenhouse.io/cobaltio,Others
https://www.cobalt.io/life/become-a-pentester,Company Career Page
"https://www.glassdoor.com/Overview/Working-at-Cobalt-EI_IE2120186.11,17.htm",Others
https://www.cobalt.io/,Company Direct Website
https://www.cobalt.io/contact-us,Company Direct Website
https://www.cobalt.io/services/application-security/pentest,Company Direct Website
https://www.cobalt.io/platform,Company Direct Website
https://kobalt.io/careers/,Company Career Page
https://www.flexjobs.com/remote-jobs/company/cobaltio,Others
https://coderpad.io/careers/,Company Career Page
https://jobs.lever.co/coderpad,Company Career Page
https://coderpad.io/survey-reports/coderpad-and-codingame-state-of-tech-hiring-2024/,Company Direct Website
https://coderpad.io/job-listing-to-coding-test/,Company Direct Website
"https://www.glassdoor.com/Overview/Working-at-CoderPad-EI_IE6416677.11,19.htm",Others
https://www.flexjobs.com/remote-jobs/company/coderpad,Others
https://www.linkedin.com/company/coderpad,Company LinkedIn
https://www.levels.fyi/companies/coderpad,Others
https://www.glassdoor.com/Salary/CoderPad-Salaries-E6416677.htm,Others
https://weworkremotely.com/company/coderpad,Others
https://www.cognite.com/company/careers,Company Career Page
"https://www.indeed.com/cmp/Cognite/jobs/l-Houston,-TX",Others
https://www.linkedin.com/company/cognitedata/jobs,Company LinkedIn
"https://www.ziprecruiter.com/co/Cognite/Jobs/-in-Houston,TX",Others
https://www.linkedin.com/jobs/cognite-jobs,Company LinkedIn
"https://www.glassdoor.com/Jobs/Cognite-Houston-Jobs-EI_IE2374321.0,7_IL.8,15_IC1140171.htm",Others
https://www.indeed.com/m/jobs?q=Cognite,Others
https://jobs.lever.co/cognite,Others
https://www.ziprecruiter.com/co/Cognite/Jobs/--in-Texas,Others
"https://www.glassdoor.com/Jobs/Cognite-computer-vision-Texas-Jobs-EI_IE2374321.0,7_KO8,23_IL.24,29_IS1347.htm",Others
https://careers.cognizant.com/global/en,Company Career Page
https://careers.cognizant.com/global/en/search-results,Company Career Page
https://careers.cognizant.com/studentandinterns/global/en,Company Career Page
https://careers.cognizant.com/professionals/global/en,Company Career Page
https://careers.cognizant.com/executives/global/en,Company Career Page
https://careers.cognizant.com/,Company Career Page
https://careers.cognizant.com/in/en,Company Direct Website
https://careers.cognizant.com/us/en/home,Company Career Page
https://careers.cognizant.com/professionals/us/en/home,Company Career Page
https://careers.cognizant.com/sg/en,Company Career Page
https://www.dice.com/company-profile/0131c278-e7d4-5777-833d-b5aa07539085,Others
https://www.indeed.com/cmp/Covestic-Inc,Others
https://www.linkedin.com/jobs/covestic-jobs-worldwide,Company LinkedIn
https://www.flexjobs.com/remote-jobs/company/covestic,Others
https://www.linkedin.com/jobs/covestic-jobs,Company LinkedIn
"https://www.glassdoor.com/Overview/Working-at-Covestic-EI_IE398105.11,19.htm",Others
https://www.servicenow.com/partners/partner-finder/covestic-inc.html,Others
https://www.glassdoor.com/Salary/Covestic-Salaries-E398105.htm,Others
https://www.zippia.com/covestic-careers-1370894/,Others
https://www.indeed.com/cmp/Covestic-Inc/reviews?fjobtitle=Incident+Manager,Others
https://www.indeed.com/cmp/Cyphy-Works,Others
https://www.indeed.com/cmp/Cyphy-Works/reviews?fjobtitle=Software+Engineer,Others
https://diydrones.com/forum/topics/cyphy-works-is-hiring,Others
https://www.suasnews.com/2014/08/cyphy-works-is-hiring/,Others
https://www.linkedin.com/posts/jake-collins-b7a809137_hi-in-2019-cyphy-works-aria-insights-activity-7060232332024115201-vgRx?trk=public_profile_like_view,Company LinkedIn
https://www.comparably.com/companies/cyphy-works,Others
https://www.jobs-ups.com/engineering,Others
https://www.bloomberg.com/profile/company/0011017D:US,Others
https://dronelife.com/2017/01/19/jobs-drone-industry-gets-hired/,Others
https://meche.mit.edu/careers,Company Career Page
https://www.datarobot.com/careers/,Company Career Page
https://www.linkedin.com/jobs/datarobot-jobs,Company LinkedIn
https://www.glassdoor.com/Jobs/DataRobot-Jobs-E911432.htm,Others
https://www.datarobot.com/careers/job/101591/,Company Career Page
https://www.datarobot.com/careers/job/101841/,Company Career Page
https://www.linkedin.com/jobs/datarobot-jobs-worldwide?f_C=2672915&trk=top-card_top-card-primary-button-top-card-primary-cta,Company LinkedIn
"https://www.glassdoor.com/Overview/Working-at-DataRobot-EI_IE911432.11,20.htm",Others
https://www.datarobot.com/careers/job/101935/,Company Career Page
https://www.indeed.com/cmp/Datarobot,Others
https://www.datarobot.com/careers/job/101870/,Company Career Page
https://www.datarobot.com/careers/,Company Career Page
https://www.linkedin.com/jobs/datarobot-jobs,Company LinkedIn
https://www.glassdoor.com/Jobs/DataRobot-Jobs-E911432.htm,Others
https://www.datarobot.com/careers/job/101591/,Company Career Page
https://www.datarobot.com/careers/job/101841/,Company Career Page
https://www.linkedin.com/jobs/datarobot-jobs-worldwide?f_C=2672915&trk=top-card_top-card-primary-button-top-card-primary-cta,Company LinkedIn
"https://www.glassdoor.com/Overview/Working-at-DataRobot-EI_IE911432.11,20.htm",Others
https://www.datarobot.com/careers/job/101935/,Company Career Page
https://www.indeed.com/cmp/Datarobot,Others
https://www.datarobot.com/careers/job/101870/,Company Career Page
https://www.deloittedigital.com/us/en/careers.html,Company Career Page
https://www2.deloitte.com/mt/en/pages/careers/articles/mt-student-careers-digital.html,Company Career Page
https://www2.deloitte.com/us/en/pages/careers/articles/join-deloitte-consulting-careers.html,Company Career Page
https://www2.deloitte.com/us/en/careers/careers.html,Company Career Page
https://www2.deloitte.com/us/en/pages/careers/topics/life-at-deloitte-careers-blog.html,Company Career Page
https://www2.deloitte.com/us/en/pages/careers/articles/join-deloitte-tax-careers.html,Company Career Page
https://apply.deloitte.com/?icid=bottom_,Company Direct Website
https://www.deloitte.com/global/en/careers.html,Company Career Page
https://www.deloitte.com/global/en/careers/job-search.html,Company Career Page
https://www.deloitte.com/global/en/about/people/social-responsibility/global-respect-inclusion.html,Company Direct Website
https://www.diligentrobots.com/join-our-team-1,Company Career Page
https://boards.greenhouse.io/diligentrobotics,Others
https://boards.greenhouse.io/diligentrobotics/jobs/5638015003,Others
https://boards.greenhouse.io/diligentrobotics/jobs/5892356003,Others
https://boards.greenhouse.io/diligentrobotics/jobs/4005609003,Others
https://www.glassdoor.com/Jobs/Diligent-Robotics-Jobs-E3175650.htm,Others
https://www.linkedin.com/company/diligent-robotics/jobs,Company LinkedIn
https://www.indeed.com/q-diligent-robotics-jobs.html,Others
https://www.diligentrobots.com/,Company Direct Website
https://www.diligentrobots.com/moxi,Company Direct Website
https://www.linkedin.com/company/eleme-inc.,Company LinkedIn
https://jobs.ele.me/,Company Career Page
https://careers.elevancehealth.com/en/,Company Career Page
https://careers.elevancehealth.com/en/careers/early-careers/,Company Career Page
https://careers.elevancehealth.com/en/careers/,Company Career Page
https://careers.elevancehealth.com/en/jobs/,Company Career Page
https://careers.elevancehealth.com/en/careers/customer-care/,Company Career Page
https://www.cfisd.net/Page/1776,Others
https://katy.tedk12.com/hire/index.aspx,Others
https://www.applitrack.com/kleinisd/onlineapp/,Others
https://www.linkedin.com/company/endeavor-robotics,Company LinkedIn
https://www.linkedin.com/jobs/endeavor-robotics-jobs,Company LinkedIn
https://www.indeed.com/cmp/Endeavor-Robotics,Others
https://www.builtinboston.com/company/endeavor-robotics/jobs,Others
https://www.builtinboston.com/company/endeavor-robotics,Others
https://www.flir.com/about/careers/,Company Direct Website
https://www.indeed.com/cmp/Endeavor-Robotics/reviews,Others
https://www.flir.com/uis/ugs/,Others
https://powderkeg.com/company/endeavor-robotics/,Others
https://www.salary.com/research/company/endeavor-robotics-inc-overview,Others
https://enphase.com/careers,Company Career Page
https://jobs.jobvite.com/enphase-energy/jobs/,Others
https://www.ziprecruiter.com/co/Enphase-Energy/Jobs/--in-Texas?id=DE8c16eEAlO4JrObeJ56xj779+o=,Others
https://www.indeed.com/q-enphase-energy-jobs.html,Others
https://www.linkedin.com/jobs/enphase-energy-jobs-worldwide,Company LinkedIn
https://www.glassdoor.com/Jobs/Enphase-Energy-Jobs-E370454.htm,Others
https://www.indeed.com/q-enphase-jobs.html,Others
https://www.linkedin.com/jobs/enphase-energy-jobs,Company LinkedIn
https://www.flexjobs.com/remote-jobs/company/enphase_energy,Others
https://jobs.jobvite.com/enphase-energy/search?c=Canada&p=0,Others
https://www.indeed.com/cmp/Enquero,Others
https://www.linkedin.com/company/enquero,Company LinkedIn
https://careers-enquero.icims.com/jobs/intro?mobile=false&width=1140&height=965&bga=true&needsRedirect=false&jan1offset=330&jun1offset=330,Company Career Page
"https://www.glassdoor.com/Jobs/Enquero-Milpitas-Jobs-EI_IE1009164.0,7_IL.8,16_IC1147428.htm",Others
https://www.glassdoor.com/Jobs/Enquero-Jobs-E1009164.htm,Others
"https://www.indeed.com/cmp/Enquero,-Inc",Others
https://enquero.zohorecruit.com/recruit/Portal.na?iframe=true&digest=fJEfhtjfvV.gto9mP9tb.DcF29%40SGmGJUUsaEeuo9sk-,Company Career Page
https://www.instahyre.com/jobs-at-enquero/,Others
https://www.naukri.com/enquero-jobs-careers-3247946,Others
https://www.dice.com/company-profile/5181fb4a-d8e2-503d-af80-dc167ca5ab40,Others
https://www.exxactcorp.com/Careers,Company Career Page
https://www.indeed.com/cmp/Exxact-1,Others
https://www.glassdoor.com/Jobs/Exxact-Jobs-E434659.htm,Others
https://exxat.com/company/careers-and-culture/,Company Career Page
https://boards.greenhouse.io/embed/job_board?for=exxactcorp&t=dcf9c46b1&b=https%3A%2F%2Fwww.exxactcorp.com%2FCareers,Others
https://www.linkedin.com/company/exxactcorp,Company LinkedIn
https://www.indeed.com/q-exxact-jobs.html,Others
https://www.ziprecruiter.com/Jobs/Exxact,Others
"https://www.glassdoor.com/Overview/Working-at-Exxact-EI_IE434659.11,17.htm",Others
https://hired.com/company/exxact,Others
https://www.flir.com/about/careers/,Company Career Page
https://www.indeed.com/cmp/Flir,Others
https://flir.wd1.myworkdayjobs.com/flircareers,Company Career Page
https://www.linkedin.com/jobs/teledyne-flir-jobs-worldwide,Company LinkedIn
https://www.indeed.com/cmp/Teledyne-Flir/jobs,Others
https://www.ziprecruiter.com/Jobs/Flir,Others
"https://www.glassdoor.com/Overview/Working-at-FLIR-EI_IE2559.11,15.htm",Others
https://www.flir.com/about/recruitment-scams/,Others
https://www.linkedin.com/jobs/flir-systems-jobs-worldwide,Company LinkedIn
https://www.ziprecruiter.com/Jobs/Flir/--in-California,Others
https://www.metacareers.com/jobs/,Company Career Page
https://www.metacareers.com/,Company Career Page
https://www.metacareers.com/jobs,Company Career Page
https://www.metacareers.com/areas-of-work/Facebook%20App/,Company Career Page
https://www.metacareers.com/careerprograms/students,Company Career Page
https://www.metacareers.com/v2/jobs/409873254917385/,Company Career Page
https://www.metacareers.com/v2/jobs/169780102757589/,Company Career Page
https://m.facebook.com/careers/,Company Career Page
https://www.metacareers.com/v2/locations/houston/?p[offices][0]=Houston%2C%20TX&offices[0]=Houston%2C%20TX,Company Career Page
https://www.indeed.com/q-facebook-l-texas-jobs.html,Others
https://gsquaredgroup.com/careers/,Company Career Page
https://gsquaredgroup.com/search-opportunities/,Company Career Page
https://www.linkedin.com/company/gsquared-solutions,Company LinkedIn
https://www.linkedin.com/jobs/gsquared-group-jobs-worldwide?f_C=1313464&trk=top-card_top-card-primary-button-top-card-primary-cta,Company LinkedIn
https://gsquaredgroup.com/,Company Direct Website
https://gsquaredgroup.com/contact-us/,Company Direct Website
https://gsquaredgroup.com/experience/,Company Direct Website
https://gsquaredgroup.com/our-services/,Company Direct Website
https://www.glassdoor.com/Reviews/GSquared-Group-Reviews-E651488.htm,Others
https://gsquaredgroup.com/our-candidates/,Company Career Page
https://recruiting.paylocity.com/recruiting/jobs/All/fc77ff8a-a71a-4955-ad42-d9b71c2cc1ac/GENEALOGY-BY-GENETICS-LTD,Others
https://www.indeed.com/cmp/Gene-By-Gene,Others
"https://www.indeed.com/q-gene-by-gene-l-houston,-tx-jobs.html",Others
https://www.genebygene.com/,Company Direct Website
https://www.genebygene.com/services,Company Direct Website
https://www.genebygene.com/service/tryptase,Company Direct Website
https://www.genebygene.com/lab-login,Company Direct Website
https://www.genebygene.com/contact,Company Direct Website
"https://www.glassdoor.com/Overview/Working-at-Gene-by-Gene-EI_IE780784.11,23.htm",Others
https://www.linkedin.com/jobs/gene-by-gene-jobs?trk=public_jobs_linkster_link,Company LinkedIn
https://www.github.careers/,Company Career Page
https://www.glassdoor.com/Jobs/GitHub-Jobs-E671945.htm,Others
https://github.com/remoteintech/remote-jobs,Company Career Page
https://github.com/remoteintech/remote-jobs/blob/main/README.md,Company Career Page
https://github.com/remoteintech/remote-jobs/blob/main/company-profiles/10up.md,Company Career Page
https://github.com/remoteintech/remote-jobs/issues,Company Career Page
https://github.com/remoteintech/remote-jobs/pulls,Company Career Page
https://www.linkedin.com/jobs/github-jobs,Company LinkedIn
https://www.indeed.com/cmp/Github,Others
https://www.linkedin.com/company/github-jobs,Company LinkedIn
https://about.gitlab.com/jobs/all-jobs/,Company Career Page
https://about.gitlab.com/jobs/,Company Career Page
https://www.linkedin.com/company/gitlab-com/jobs,Company LinkedIn
https://www.glassdoor.com/Jobs/GitLab-Jobs-E1296544.htm,Others
https://www.gitlabfoundation.org/careers,Company Career Page
https://www.linkedin.com/jobs/gitlab-jobs,Company LinkedIn
https://www.indeed.com/q-gitlab-jobs.html,Others
https://gitlab.dejobs.org/,Company Career Page
https://www.flexjobs.com/remote-jobs/company/gitlab,Others
https://about.gitlab.com/jobs/open-application/,Company Career Page
https://www.linkedin.com/jobs/google-robotics-jobs,Company LinkedIn
https://www.linkedin.com/jobs/google-robotics-engineer-jobs,Company LinkedIn
https://www.ziprecruiter.com/Jobs/Google-Robotics,Others
https://www.indeed.com/q-%22google%22-robotics-engineer-jobs.html,Others
https://www.ziprecruiter.com/Jobs/Google-Robotics/--in-California,Others
https://www.indeed.com/m/jobs?q=Google+Robotics+Automation,Others
"https://www.glassdoor.com/Salary/Google-Robotics-Engineer-Salaries-E9079_D_KO7,24.htm",Others
https://www.youtube.com/watch?v=dTbV0TwMAfo,Others
https://x.company/careers-at-x/,Company Direct Website
https://www.quora.com/Does-Google-hire-students-from-the-robotics-field,Others
https://www.hcltech.com/careers,Company Career Page
https://www.hcltech.com/campaign/careers-in-usa,Company Career Page
https://www.indeed.com/q-hcl-l-texas-jobs.html,Others
https://www.linkedin.com/company/hcltech/jobs,Company LinkedIn
https://www.indeed.com/q-hcl-technologies-l-texas-jobs.html,Others
https://www.ziprecruiter.com/Jobs/Hcl/--in-Texas,Others
https://www.ziprecruiter.com/co/Hcl-Tech/Jobs/--in-Texas?id=2+0CnIYAVzpcGpfeVVAV6rEJdZc=,Others
https://www.linkedin.com/jobs/hcl-america-jobs,Company LinkedIn
https://www.glassdoor.com/Jobs/HCL-America-Jobs-E4483585.htm,Others
https://www.dice.com/company-profile/5a19d053-3e56-5710-9469-888bdea1a0c5,Others
https://jobs.halliburton.com/,Company Career Page
https://www.indeed.com/q-halliburton-l-texas-jobs.html,Others
"https://www.indeed.com/q-Halliburton-l-Cypress,TX-jobs.html",Others
https://www.halliburton.com/,Company Direct Website
https://www.halliburton.com/en/about-us,Company Direct Website
https://www.halliburton.com/en/about-us/press-release/halliburton-adds-corrosalock-cement-system-to-ccus-portfolio,Company Direct Website
https://www.halliburton.com/en/sustainability,Company Direct Website
https://www.linkedin.com/jobs/halliburton-jobs-houston-tx,Company LinkedIn
https://www.linkedin.com/company/halliburton/jobs,Company LinkedIn
https://www.ziprecruiter.com/co/Halliburton/Jobs/--in-Texas?id=xfl+tdOOrS+S9VmlF_6XlntWDrU=,Others
https://www.harbingergroup.com/current-openings/,Company Career Page
https://boards.greenhouse.io/harbingermotors,Others
https://www.linkedin.com/jobs/harbinger-jobs,Company LinkedIn
https://www.linkedin.com/company/harbingermotors/jobs,Company LinkedIn
https://www.indeed.com/cmp/Harbinger-Systems,Others
https://www.glassdoor.com/Jobs/Harbinger-Group-Jobs-E327792.htm,Others
https://www.harbinger-health.com/careers,Company Career Page
"https://www.glassdoor.com/Overview/Working-at-Harbinger-Group-EI_IE327792.11,26.htm",Others
https://www.indeed.com/cmp/Harbinger-Systems/reviews,Others
https://www.naukri.com/harbinger-systems-jobs-careers-7624,Others
https://www.governmentjobs.com/careers/harriscountytx,Company Career Page
https://www.governmentjobs.com/careers/harriscountytx/applications/submitted,Company Career Page
https://www.governmentjobs.com/careers/harriscountytx/jobInterestCards/categories,Company Career Page
https://www.governmentjobs.com/careers/harriscountytx/inbox,Company Career Page
https://www.governmentjobs.com/careers/harriscountytx/profilesettings,Company Career Page
https://hrrm.harriscountytx.gov/Careers/Career-Opportunities,Company Career Page
https://hrrm.harriscountytx.gov/Careers/How-to-Apply,Company Career Page
https://hrrm.harriscountytx.gov/Careers/Law-Enforcement-Positions,Company Career Page
https://hrrm.harriscountytx.gov/Human-Resources,Company Direct Website
"https://www.indeed.com/q-harris-county-l-houston,-tx-jobs.html",Others
https://www.hashicorp.com/careers,Company Career Page
https://www.linkedin.com/company/hashicorp/jobs,Company LinkedIn
https://www.glassdoor.com/Jobs/HashiCorp-Jobs-E1359860.htm,Others
https://www.indeed.com/cmp/Hashicorp,Others
https://www.hashicorp.com/career/5509677,Company Career Page
https://www.linkedin.com/jobs/hashicorp-jobs-worldwide,Company LinkedIn
https://www.hashicorp.com/career/5421095?gh_src=nodesk,Company Career Page
https://www.flexjobs.com/remote-jobs/company/hashicorp,Company Career Page
https://www.hashicorp.com/career/5781586,Company Career Page
https://www.hashicorp.com/,Company Direct Website
https://hired.com/careers/,Company Career Page
https://www.hired.org/careers,Company Career Page
https://hired.com/,Company Direct Website
https://hired.com/about/,Company Direct Website
https://hired.com/jobs,Company Direct Website
https://candidatehelp.hired.com/,Company Direct Website
https://www.indeed.com/q-hired-l-texas-jobs.html,Others
https://www.simplyhired.com/search?l=houston%2C+tx,Others
https://www.ziprecruiter.com/Jobs/Get-Hired-Today/--in-Texas,Others
https://www.indeed.com/q-team-hired-l-texas-jobs.html,Others
https://www.hudsonrivertrading.com/careers/,Company Career Page
https://www.linkedin.com/company/hudson-river-trading/jobs,Company LinkedIn
https://boards.greenhouse.io/wehrtyou,Others
https://www.glassdoor.com/Jobs/Hudson-River-Trading-Jobs-E470937.htm,Others
https://www.hudsonrivertrading.com/work-at-hrt/,Company Direct Website
"https://www.indeed.com/q-hudson-river-trading-l-new-york,-ny-jobs.html",Others
https://www.linkedin.com/jobs/hudson-river-trading-jobs,Company LinkedIn
https://www.hudsonrivertrading.com/careers/job/?gh_jid=940856,Company Career Page
https://www.indeed.com/cmp/Hudson-River-Trading,Others
"https://www.glassdoor.com/Jobs/Hudson-River-Trading-Software-Engineer-Jobs-EI_IE470937.0,20_KO21,38.htm",Others
https://www.ibm.com/careers,Company Career Page
https://www.indeed.com/cmp/IBM/locations/TX/Houston,Others
https://www.linkedin.com/jobs/ibm-jobs-houston-tx,Company LinkedIn
"https://www.ziprecruiter.com/co/Ibm-Careers/Jobs/-in-Houston,TX",Others
https://www.indeed.com/q-ibm-l-texas-jobs.html,Others
https://krb-sjobs.brassring.com/tgnewui/search/home/home?partnerid=26059&siteid=5016,Company Direct Website
https://www.ibm.com/blogs/jobs/,Company Direct Website
https://www.ibm.com/blogs/jobs/author/mariano-aragunde/,Company Direct Website
https://www.ibm.com/blogs/jobs/category/our-stories/women-at-ibm/,Company Direct Website
https://www.ibm.com/blogs/jobs/advice-from-ibm-recruiters/,Company Direct Website
https://www.ibm.com/careers,Company Career Page
https://www.indeed.com/cmp/IBM/locations/TX/Houston,Others
https://www.linkedin.com/jobs/ibm-jobs-houston-tx,Company LinkedIn
"https://www.ziprecruiter.com/co/Ibm-Careers/Jobs/-in-Houston,TX",Others
https://www.indeed.com/q-ibm-l-texas-jobs.html,Others
https://krb-sjobs.brassring.com/tgnewui/search/home/home?partnerid=26059&siteid=5016,Company Career Page
https://www.ibm.com/blogs/jobs/,Company Direct Website
https://www.ibm.com/blogs/jobs/author/mariano-aragunde/,Company Direct Website
https://www.ibm.com/blogs/jobs/category/our-stories/women-at-ibm/,Company Direct Website
https://www.ibm.com/blogs/jobs/advice-from-ibm-recruiters/,Company Direct Website
https://www.intechww.com/careers,Company Career Page
https://www.intechww.com/careers/co/engineering/33.625/design-application-engineer,Company Career Page
https://www.intechww.com/careers/co/ced/77.B3C/trainee-engineer-ksa,Company Career Page
https://www.intechww.com/careers/co/global-om/08.73D/technician-saudi-arabia,Company Career Page
https://intech.com/jobs/application/,Company Career Page
https://www.indeed.com/cmp/Intech-Aerospace,Others
https://www.in-tech.com/en/career/career-overview,Company Career Page
https://www.indeed.com/q-intech-jobs.html,Others
https://intechanchoring.com/careers/,Company Career Page
https://intech.com/jobs/,Company Career Page
https://instacart.careers/,Company Career Page
https://shoppers.instacart.com/state-jobs/jobs-in-texas,Company Career Page
https://shoppers.instacart.com/instacart-jobs-in-cypress,Company Career Page
https://www.indeed.com/cmp/Instacart/locations/TX/Houston,Others
"https://www.ziprecruiter.com/Jobs/Instacart-Customer-Service/-in-Houston,TX",Others
https://www.ziprecruiter.com/co/Instacart/Jobs/--in-Texas?id=vpJ60YIHhPi2GbY+DBweFFDY7qs=,Others
https://www.linkedin.com/company/instacart/jobs,Company LinkedIn
https://www.appjobs.com/cypress-tx/instacart,Others
https://www.indeed.com/cmp/Instacart,Others
https://www.linkedin.com/jobs/instacart-jobs-greater-houston,Company LinkedIn
https://jobs.intel.com/en,Company Career Page
https://www.indeed.com/cmp/Intel-Corporation/locations/TX/Houston,Others
https://intel.wd1.myworkdayjobs.com/External,Company Career Page
https://www.linkedin.com/company/intel-corporation/jobs,Company LinkedIn
https://www.intelligence.gov/careers,Company Career Page
"https://www.ziprecruiter.com/co/Intel/Jobs/-in-Houston,TX?id=EFyJPSW0YNYA13tX1gBG+4TJdN8=",Others
https://intel.wd1.myworkdayjobs.com/en-US/External,Company Career Page
https://www.indeed.com/q-intel-l-texas-jobs.html,Others
https://www.glassdoor.com/Jobs/Intel-Corporation-Jobs-E1519.htm,Others
https://www.linkedin.com/jobs/intel-jobs,Company LinkedIn
https://jobs.intel.com/en,Company Career Page
https://www.indeed.com/cmp/Intel-Corporation/locations/TX/Houston,Others
https://intel.wd1.myworkdayjobs.com/External,Company Career Page
https://www.linkedin.com/company/intel-corporation/jobs,Company LinkedIn
https://www.indeed.com/q-intel-l-texas-jobs.html,Others
"https://www.ziprecruiter.com/co/Intel/Jobs/-in-Houston,TX?id=EFyJPSW0YNYA13tX1gBG+4TJdN8=",Others
"https://www.glassdoor.com/Jobs/Intel-Corporation-Houston-Jobs-EI_IE1519.0,17_IL.18,25_IC1140171.htm",Others
https://www.glassdoor.com/Jobs/Intel-Corporation-Jobs-E1519.htm,Others
https://www.ziprecruiter.com/co/Intel/Jobs/--in-Texas?id=x2Q4SdgreNmNgtGRVqneWkojXXI=,Others
https://www.linkedin.com/jobs/intel-corporation-jobs,Company LinkedIn
https://www.intellilinktech.com/careers,Company Career Page
https://www.indeed.com/q-intellilink-jobs.html,Others
https://www.glassdoor.com/Jobs/Intellilink-Technologies-Jobs-E713067.htm,Others
https://www.indeed.com/cmp/Intellilink-Technologies,Company LinkedIn
https://www.linkedin.com/company/intellilink-technologies,Company LinkedIn
"https://www.glassdoor.com/Jobs/Intellilink-US-Jobs-EI_IE713067.0,11_IL.12,14_IN1.htm",Others
https://www.intellilink.com/our-firm,Company Direct Website
https://www.facebook.com/p/IntelliLink-Technologies-INC-100057323774669/?locale=ta_IN,Others
https://www.intellilink.com/our-clients,Company Direct Website
https://www.naukri.com/intellilink-technologies-inc-jobs-careers-1274728,Others
https://www.intercom.com/careers,Company Career Page
https://www.intercom.com/careers/san-francisco,Company Career Page
https://www.intercom.com/careers/dublin,Company Career Page
https://www.intercom.com/careers/chicago,Company Career Page
https://www.intercom.com/careers/london,Company Career Page
https://boards.greenhouse.io/intercom,Others
https://www.linkedin.com/company/intercom/jobs,Company LinkedIn
https://www.intercom.com/careers/culture,Company Career Page
https://www.glassdoor.com/Jobs/Intercom-Jobs-E1035935.htm,Others
https://www.intercom.com/careers-engineering,Company Career Page
https://jktech.com/job/,Company Career Page
https://jktech.com/careers/,Company Career Page
https://www.naukri.com/jk-technosoft-jobs-careers-34640,Company Career Page
https://jkconsulting.com/careers/,Company Career Page
https://www.linkedin.com/company/jk-tech,Company LinkedIn
https://www.glassdoor.com/Jobs/JK-Tech-Jobs-E393599.htm,Others
https://jktech.com.sg/pages/careers,Company Career Page
https://www.firstnaukri.com/careers/customised/landingpage/jkt/index.html,Others
https://www.ambitionbox.com/jobs/jk-technosoft-jobs,Others
https://www.instahyre.com/jobs-at-jk-technosoft-2/,Others
https://careers.jpmorgan.com/us/en/home,Company Career Page
"https://www.indeed.com/q-jpmorgan-chase-l-cypress,-tx-jobs.html",Others
https://www.jpmorganchase.com/institute/about/careers,Company Career Page
"https://www.indeed.com/q-jpmorgan-chase-&-l-houston,-tx-jobs.html",Others
https://www.linkedin.com/company/jpmorganchase/jobs,Company LinkedIn
https://jpmc.fa.oraclecloud.com/hcmUI/CandidateExperience/en/sites/CX_1001/requisitions,Company Direct Website
https://careers.jpmorgan.com/global/en/students/programs,Company Career Page
https://careers.jpmorgan.com/us/en/students/programs/software-engineer-fulltime,Company Career Page
https://careers.jpmorgan.com/global/en/students/programs/cl-summer-analyst,Company Career Page
https://careers.jpmorgan.com/cn/en/students/programs/cl-fulltime-associate,Company Career Page
https://www.kuka.com/en-us/company/careers,Company Career Page
https://www.kuka.com/en-us/company/careers/vacancies,Company Career Page
https://www.linkedin.com/jobs/kuka-robotics-jobs,Company LinkedIn
https://www.indeed.com/q-kuka-robot-jobs.html,Others
https://www.linkedin.com/company/kukaglobal/jobs,Company LinkedIn
https://www.kuka.com/en-de/company/careers/kuka-as-an-employer/how-to-apply,Company Career Page
https://www.ziprecruiter.com/Jobs/Kuka-Robotics,Others
https://www.kuka.com/en-de/company/careers/graduates,Company Career Page
https://www.indeed.com/q-kuka-robots-jobs.html,Others
https://www.ziprecruiter.com/Jobs/Kuka-Robot-Programmer,Others
https://www.lzt.biz/,Company Direct Website
"https://www.indeed.com/cmp/Lz-Technology,-Inc.",Others
"https://www.indeed.com/q-lz-technology-l-houston,-tx-jobs.html",Others
https://www.linkedin.com/company/lz-technology-inc,Company LinkedIn
https://www.glassdoor.com/Reviews/LZ-Technology-Reviews-E658457.htm,Others
https://www.glassdoor.com/Jobs/LZ-Technology-Jobs-E658457.htm,Others
https://www.ziprecruiter.com/Jobs/LZ-Technology,Others
https://www.speediarms.com/jobboard/default.aspx?customer=ac681a2f-3b08-4fd7-b828-107e6d2809d3,Others
https://www.ziprecruiter.com/n/Lz-Technology-Jobs-Near-Me,Others
https://www.avjobs.com/jobs/positions.asp?cpny=Lz%20Technology,Company Career Page
https://www.latentview.com/career/,Company Career Page
https://www.latentview.com/alumni/,Company Direct Website
https://www.latentview.com/technology/,Company Direct Website
https://www.latentview.com/data-science/,Company Direct Website
https://www.linkedin.com/jobs/latentview-analytics-jobs-worldwide,Company LinkedIn
https://www.indeed.com/cmp/Latentview-Analytics,Others
https://www.indeed.com/cmp/Latentview-Analytics/reviews,Others
"https://www.glassdoor.com/Overview/Working-at-LatentView-Analytics-EI_IE435479.11,31.htm",Others
https://www.latentview.com/,Company Direct Website
https://www.latentview.com/analytics-roundtable/,Company Direct Website
https://launchdarkly.com/careers/,Company Career Page
https://boards.greenhouse.io/launchdarkly,Others
https://www.linkedin.com/company/launchdarkly/jobs,Company LinkedIn
https://www.glassdoor.com/Jobs/LaunchDarkly-Jobs-E1897319.htm,Others
https://www.indeed.com/q-launchdarkly-jobs.html,Others
https://launchdarkly.com/blog/tag/careers/,Company Career Page
https://www.linkedin.com/jobs/launchdarkly-jobs-worldwide,Company LinkedIn
https://www.flexjobs.com/remote-jobs/company/launchdarkly,Others
https://www.indeed.com/cmp/Launchdarkly,Others
"https://www.glassdoor.com/Overview/Working-at-LaunchDarkly-EI_IE1897319.11,23.htm",Others
https://leggett.com/careers,Company Career Page
https://leggett.com/careers/search,Company Career Page
https://leggett.com/careers/paths,Company Career Page
https://leggett.com/careers/transitions,Company Career Page
https://leggett.com/careers/ide,Company Career Page
https://careers.leggett.com/,Company Direct Website
https://careers.leggett.com/viewalljobs/,Company Career Page
https://leggett.com/careers/search?function=Human%20Resources,Company Career Page
https://www.indeed.com/q-leggett-&-platt-jobs.html,Others
https://www.linkedin.com/company/leggett-&-platt/jobs,Company LinkedIn
https://lucidmotors.com/careers,Company Career Page
https://lucidmotors.com/en-ca/careers,Company Career Page
https://lucidmotors.com/careers/culture,Company Career Page
https://lucidmotors.com/careers/diversity,Company Career Page
https://lucid.co/careers,Company Career Page
https://www.indeed.com/q-lucid-l-texas-jobs.html,Others
https://www.linkedin.com/company/lucidmotors/jobs,Company LinkedIn
https://www.indeed.com/cmp/Lucid-Private-Offices,Others
https://www.ziprecruiter.com/co/Lucid-Motors/Jobs/--in-Texas?id=p6sUMAnhfX3UrHvgE08EmMfqPPw=,Others
https://luc.id/careers/page/2/?et_blog,Company Career Page
https://careers.microsoft.com/,Company Career Page
https://www.linkedin.com/company/microsoft/jobs,Company LinkedIn
https://www.indeed.com/cmp/Microsoft/jobs,Others
https://www.glassdoor.com/Jobs/Microsoft-Jobs-E1651.htm,Others
https://www.accenture.com/us-en/careers/explore-careers/area-of-interest/microsoft-careers,Company Career Page
https://www.linkedin.com/jobs/microsoft-jobs,Company LinkedIn
https://www.indeed.com/q-microsoft-l-texas-jobs.html,Others
https://www.ziprecruiter.com/Jobs/Microsoft,Others
"https://www.ziprecruiter.com/Jobs/Microsoft/-in-Houston,TX",Others
"https://www.glassdoor.com/Jobs/Microsoft-Houston-Jobs-EI_IE1651.0,9_IL.10,17_IC1140171.htm",Others
https://careers.microsoft.com/,Company Career Page
https://www.linkedin.com/company/microsoft/jobs,Company LinkedIn
https://www.indeed.com/cmp/Microsoft/jobs,Others
https://www.glassdoor.com/Jobs/Microsoft-Jobs-E1651.htm,Others
https://www.accenture.com/us-en/careers/explore-careers/area-of-interest/microsoft-careers,Company Career Page
https://www.linkedin.com/jobs/microsoft-jobs,Company LinkedIn
https://www.indeed.com/q-microsoft-l-texas-jobs.html,Others
https://www.ziprecruiter.com/Jobs/Microsoft,Others
"https://www.ziprecruiter.com/Jobs/Microsoft/-in-Houston,TX",Others
"https://www.glassdoor.com/Jobs/Microsoft-Houston-Jobs-EI_IE1651.0,9_IL.10,17_IC1140171.htm",Others
https://www.linkedin.com/company/minmax-technologies,Company LinkedIn
https://minmaxtech.com/,Company Direct Website
https://minmaxtech.com/about/,Company Direct Website
https://minmaxtech.com/contact/,Company Direct Website
https://minmaxtech.com/esmart/,Company Direct Website
https://minmaxtech.com/news/,Company Direct Website
https://www.glassdoor.com/Salary/Minmax-Technologies-Salaries-E273456.htm,Others
https://builtin.com/company/minmax-technologies/jobs,Others
"https://www.glassdoor.com/Overview/Working-at-Minmax-Technologies-EI_IE273456.11,30.htm",Others
https://builtin.com/company/minmax-technologies,Others
https://blogs.mulesoft.com/news/careers/,Company Career Page
https://blogs.mulesoft.com/tag/careers/,Company Career Page
https://www.linkedin.com/jobs/mulesoft-jobs,Company LinkedIn
https://www.indeed.com/q-mulesoft-jobs.html,Others
https://blogs.mulesoft.com/category_page/careers/,Others
https://www.linkedin.com/jobs/mulesoft-jobs-austin-tx,Company LinkedIn
https://www.indeed.com/q-mulesoft-l-texas-jobs.html,Others
https://www.dice.com/jobs/q-mulesoft+developer-l-houston%2C+tx-jobs,Others
https://www.ziprecruiter.com/Jobs/Mulesoft,Others
"https://www.glassdoor.com/Job/us-mulesoft-developer-jobs-SRCH_IL.0,2_IN1_KO3,21.htm",Others
https://www-robotics.jpl.nasa.gov/,Company Direct Website
https://www-robotics.jpl.nasa.gov/who-we-are/groups/,Company Direct Website
https://www-robotics.jpl.nasa.gov/what-we-do/flight-projects/,Company Direct Website
https://www-robotics.jpl.nasa.gov/who-we-are/people/,Company Direct Website
https://www-robotics.jpl.nasa.gov/what-we-do/charter/,Company Direct Website
https://www.nasa.gov/careers/,Company Career Page
https://www.nasa.gov/careers/how-to-apply/,Company Career Page
https://www.nasa.gov/careers/top-5-reasons-to-work-at-nasa/,Company Career Page
https://www.nasa.gov/careers/life-at-nasa/,Company Career Page
https://www.indeed.com/q-robotics-nasa-jobs.html,Others
https://www.nov.com/careers,Company Career Page
https://www.nov.com/careers/working-at-nov,Company Career Page
https://www.indeed.com/cmp/Nov-ecb016fc,Others
"https://www.indeed.com/q-nov-oilwell-varco-l-houston,-tx-jobs.html",Others
"https://www.ziprecruiter.com/co/Nov/Jobs/-in-Houston,TX?id=UViA3bnnz5KGQ46gu7ApDpJ5l90=",Others
https://egay.fa.us6.oraclecloud.com/hcmUI/CandidateExperience/en/sites/CX_1/requisitions,Others
https://www.linkedin.com/company/novglobal/jobs,Company LinkedIn
https://www.ziprecruiter.com/co/Nov/Jobs/--in-Texas?id=UViA3bnnz5KGQ46gu7ApDpJ5l90=,Others
https://egay.fa.us6.oraclecloud.com/hcmUI/CandidateExperience/en/sites/CX_1/,Others
https://www.zippia.com/national-oilwell-varco-careers-32401/jobs/houston-tx/,Others
https://www.nvidia.com/en-us/about-nvidia/careers/,Company Career Page
https://www.nvidia.com/en-us/about-nvidia/careers/how-we-hire/,Company Career Page
https://www.nvidia.com/en-us/about-nvidia/careers/university-recruiting/,Company Career Page
https://www.nvidia.com/en-us/about-nvidia/careers/life-at-nvidia/,Company Career Page
https://www.nvidia.com/en-us/about-nvidia/careers/teams-in-action/,Company Career Page
https://nvidia.wd5.myworkdayjobs.com/NVIDIAExternalCareerSite,Others
https://www.nvidia.com/en-eu/about-nvidia/careers/apply/,Company Career Page
https://www.linkedin.com/company/nvidia/jobs,Company LinkedIn
https://www.nvidia.com/en-us/benefits/,Company Direct Website
https://www.nvidia.com/en-us/about-nvidia/careers/diversity-and-inclusion/,Company Career Page
https://www.oxy.com/careers/,Company Career Page
https://www.oxy.com/careers/explore-careers/,Company Career Page
https://www.oxy.com/careers/explore-careers/students/,Company Career Page
https://www.oxy.com/careers/life-at-oxy/benefits/,Company Career Page
https://www.oxy.com/careers/life-at-oxy/,Company Career Page
"https://www.indeed.com/q-occidental-petroleum-l-houston,-tx-jobs.html",Others
https://www.indeed.com/q-occidental-petroleum-l-texas-jobs.html,Others
https://www.ziprecruiter.com/co/Oxy/Jobs/--in-Texas?id=DcNotJ3Nz8o9DWoPXMYaQDf9IDc=,Others
"https://www.glassdoor.com/Jobs/Occidental-Petroleum-Houston-Jobs-EI_IE491.0,20_IL.21,28_IC1140171.htm",Others
https://www.linkedin.com/jobs/occidental-petroleum-jobs,Company LinkedIn
https://www.oceanit.com/join-us/,Company Direct Website
"https://www.glassdoor.com/Location/Oceanit-Houston-Location-EI_IE199140.0,7_IL.8,15_IC1140171.htm",Others
https://www.oceanit.com/student-intern-program/,Company Career Page
https://www.indeed.com/q-oceanit-l-hawaii-jobs.html,Others
https://www.oceanit.com/job_opening/,Company Career Page
https://wellfound.com/company/oceanit/jobs,Others
https://builtin.com/company/oceanit/jobs,Others
https://www.oceanit.com/index_page/join-us/,Company Direct Website
https://www.biotech-careers.org/company/oceanit,
https://www.zippia.com/oceanit-laboratories-careers-321617/salary/,Others
https://careers.optimizely.com/,Company Career Page
https://www.optimizely.com/company/career/,Company Career Page
https://www.optimizely.com/company/career/sales/,Company Career Page
https://www.optimizely.com/company/career/engineers/,Company Career Page
https://www.linkedin.com/company/optimizely/jobs,Company LinkedIn
https://www.glassdoor.com/Jobs/Optimizely-Jobs-E498757.htm,Others
https://www.indeed.com/q-Optimizely-l-Texas-jobs.html,Others
https://www.linkedin.com/jobs/optimizely-jobs,Company LinkedIn
https://jobs.jobvite.com/optimizely/jobs,Others
https://jobs.gv.com/jobs/optimizely,Others
https://www.oracle.com/careers/,Company Career Page
https://eeho.fa.us2.oraclecloud.com/hcmUI/CandidateExperience/en/sites/CX_1/requisitions,Company Direct Website
https://www.linkedin.com/company/oracle/jobs,Company LinkedIn
https://www.dice.com/jobs/q-oracle-l-houston%2C+tx-jobs,Others
"https://www.ziprecruiter.com/Jobs/Oracle/-in-Houston,TX",Others
"https://www.indeed.com/q-oracle-cloud-l-houston,-tx-jobs.html",Others
https://eeho.fa.us2.oraclecloud.com/hcmUI/CandidateExperience/en/sites/CX_1/requisitions?location=United%20States&locationId=300000000149325,Others
https://www.indeed.com/q-oracle-l-texas-jobs.html,Others
https://jobs.exxonmobil.com/go/Oracle-Jobs-in-Houston/3050100/,Company Career Page
https://www.glassdoor.com/Jobs/Oracle-Jobs-E1737.htm,Others
https://www.ottomotors.com/careers/,Company Career Page
https://jobs.jobvite.com/clearpath,Company Career Page
https://ca.indeed.com/cmp/Otto-Motors-By-Rockwell-Automation/jobs,Others
"https://www.glassdoor.com/Overview/Working-at-OTTO-Motors-EI_IE3145405.11,22.htm",Others
https://www.theladders.com/company/ottomotors-jobs,Others
https://ca.indeed.com/cmp/Otto-Motors,Others
https://ottomotors.com/,Company Direct Website
https://ottomotors.com/careers/,Company Career Page
https://ottomotors.com/1500/,Company Direct Website
https://ottomotors.com/lifter/,Company Career Page
https://pros.com/about-pros/careers/,Company Career Page
https://twitter.com/townbrad/status/1784292896427880691?ref_src=twsrc%5Egoogle%7Ctwcamp%5Eserp%7Ctwgr%5Etweet,Others
https://twitter.com/Schultz_Report/status/1784295229509489120?ref_src=twsrc%5Egoogle%7Ctwcamp%5Eserp%7Ctwgr%5Etweet,Others
https://twitter.com/Brennen_Rupp/status/1784302685664985591?ref_src=twsrc%5Egoogle%7Ctwcamp%5Eserp%7Ctwgr%5Etweet,Others
https://twitter.com/payneblazevich/status/1784294207663874319?ref_src=twsrc%5Egoogle%7Ctwcamp%5Eserp%7Ctwgr%5Etweet,Others
https://twitter.com/search?q=pros+careers&ref_src=twsrc%5Egoogle%7Ctwcamp%5Eserp%7Ctwgr%5Esearch,Others
https://www.indeed.com/cmp/Pros/locations/TX/Houston,Others
"https://www.glassdoor.com/Jobs/PROS-Houston-Jobs-EI_IE41736.0,4_IL.5,12_IC1140171.htm",Others
https://pros.com/students-opportunities/,Company Direct Website
"https://www.glassdoor.com/Location/PROS-Houston-Location-EI_IE41736.0,4_IL.5,12_IC1140171.htm",Others
https://careers.pagerduty.com/,Company Career Page
https://careers.pagerduty.com/jobs/search,Company Career Page
https://careers.pagerduty.com/global-benefits,Company Career Page
https://careers.pagerduty.com/portugal,Company Career Page
https://careers.pagerduty.com/chile,Company Career Page
https://boards.greenhouse.io/pagerduty,Company Career Page
https://www.linkedin.com/company/pagerduty/jobs,Company LinkedIn
https://careers.pagerduty.com/jobs/search?page=1&remote=true&query=,Company Career Page
https://www.indeed.com/cmp/Pagerduty,Others
https://www.linkedin.com/jobs/pagerduty-jobs,Company LinkedIn
https://www.palantir.com/careers/,Company Career Page
https://www.palantir.com/careers/students-and-early-talent/,Company Career Page
https://www.palantir.com/uk/careers/,Company Career Page
https://www.palantir.com/careers/getting-hired/,Company Career Page
https://www.palantir.com/careers/life-at-palantir/,Company Career Page
https://jobs.lever.co/palantir,Company Career Page
https://jobs.lever.co/palantir/e0ab8226-b928-4e3a-bf87-08fe7b1ea595,Company Career Page
https://jobs.lever.co/palantir?commitment=Internship,Company Career Page
https://jobs.lever.co/palantir/cbe90327-3e6e-451c-a54c-1d3cbcef5aeb,Company Career Page
https://jobs.lever.co/palantir/854e71f1-ad64-4edf-ad67-5f9a29f4a57b,Company Career Page
https://www.parallels.com/about/,Company Direct Website
https://www.parallels.com/se/about/,Company Direct Website
https://www.parallels.com/about/legal/pcep/,Company Direct Website
https://www.parallels.com/about/legal/terms/,Company Direct Website
https://www.parallels.com/about/brand-assets/,Company Direct Website
https://www.linkedin.com/jobs/parallels-jobs,Company LinkedIn
https://www.indeed.com/cmp/Parallels,Others
https://www.glassdoor.com/Jobs/Parallels-Jobs-E35052.htm,Others
https://www.parallels.com/about/contact/,Company Direct Website
"https://www.indeed.com/cmp/Parallels,-Inc",Others
https://www.phillips66.com/careers/,Company Career Page
https://careers.phillips66.com/,Company Career Page
https://careers.phillips66.com/content/Work-with-Us/?locale=en_US,Company Career Page
https://careers.phillips66.com/go/Operations-and-Maintenance-Jobs/9493200/,Company Career Page
https://careers.phillips66.com/content/Students-and-Graduates/?locale=en_US,Company Career Page
https://careers.phillips66.com/go/Engineering-Jobs/9493300/,Company Career Page
"https://www.indeed.com/q-phillips-66-l-cypress,-tx-jobs.html",Others
https://www.linkedin.com/jobs/phillips-66-jobs-houston-tx,Company LinkedIn
https://www.indeed.com/q-phillips-66-company-l-texas-jobs.html,Others
https://www.ziprecruiter.com/Jobs/Phillips-66/--in-Texas,Others
https://www.podium.com/careers/,Company Career Page
https://www.linkedin.com/jobs/podium-jobs-greater-houston,Company LinkedIn
https://www.linkedin.com/jobs/podium-jobs-houston-tx,Company LinkedIn
https://www.ziprecruiter.com/co/Podium/Jobs/--in-Texas?id=hPGqMDAyB+v2TC4MmCA09BvDh3Q=,Others
https://www.indeed.com/cmp/Podium,Others
https://www.podium.com/state-of-online-reviews/,Company Direct Website
"https://www.glassdoor.com/Jobs/Podium-Remote-Jobs-EI_IE1010497.0,6_IL.7,13_IS11047.htm",Others
https://www.indeed.com/q-company:%22podium%22-jobs.html,Others
https://jobs.gv.com/jobs/podium,Company Career Page
https://boards.greenhouse.io/podium81/,Others
https://careers.qualcomm.com/,Company Career Page
https://careers.qualcomm.com/careers/join?domain=qualcomm.com,Company Career Page
https://www.qualcomm.com/company/careers/benefits,Company Career Page
https://www.qualcomm.com/company/careers/faqs,Company Career Page
https://www.qualcomm.com/company/careers,Company Career Page
https://qualcomm.dejobs.org/,Company Direct Website
"https://www.glassdoor.com/Jobs/Qualcomm-Robotics-Engineer-Jobs-EI_IE640.0,8_KO9,26.htm",Others
https://www.qualcomm.com/our-company/company/careers,Company Career Page
https://www.ziprecruiter.com/Jobs/Qualcomm-Robotics/--in-California,Others
https://careers.qualcomm.com/careers/job/446697880334-fy24-summer-intern-robotics-engineer-shenzhen-guangdong-china?domain=qualcomm.com,Company Career Page
https://rasa.com/careers/,Company Career Page
https://www.rasafloors.com/careers,Company Career Page
https://www.indeed.com/cmp/Rasa-Floors,Others
https://www.indeed.com/cmp/Rasa-Floors-&-Carpet-Cleaning-LLC,Others
https://wearerasa.notion.site/Welcome-to-Rasa-s-Job-Board-0acacb1690b54025bf98fe515305735f,Company Career Page
https://www.ziprecruiter.com/Jobs/Rasa/--in-Texas,Others
https://www.linkedin.com/jobs/rasa-floors-jobs,Company LinkedIn
https://www.glassdoor.com/Jobs/Rasa-Floors-And-Carpet-Cleaning-Llc-Jobs-E1062591.htm,Others
"https://www.glassdoor.com/Jobs/Rasa-Floors-Houston-Jobs-EI_IE1062591.0,11_IL.12,19_IC1140171.htm",Others
https://www.linkedin.com/jobs/rasa-jobs-worldwide,Company LinkedIn
https://www.reyrey.com/company/careers/job-openings,Company Career Page
https://www.reyrey.com/company/careers/job-openings/post/1206,Company Career Page
https://www.reyrey.com/company/careers/job-openings/post/2020,Company Career Page
https://www.reyrey.com/company/careers/job-openings/post/2059,Company Career Page
https://www.reyrey.com/company/careers,Company Career Page
https://www.reyrey.com/company/careers/students-and-graduates,Company Career Page
https://www.reyrey.com/company/careers/how-to-apply,Company Career Page
https://www.reyrey.com/company/careers/our-company,Company Career Page
"https://www.indeed.com/q-reynolds-&-reynolds-l-houston,-tx-jobs.html",Others
https://www.indeed.com/cmp/The-Reynolds-and-Reynolds-Company/locations/TX/Houston,Others
https://careers.roblox.com/,Company Career Page
https://www.linkedin.com/company/roblox/jobs,Company LinkedIn
https://www.glassdoor.com/Jobs/Roblox-Jobs-E242265.htm,Others
https://www.indeed.com/cmp/Roblox,Others
https://www.linkedin.com/jobs/roblox-jobs,Company LinkedIn
https://www.ziprecruiter.com/Jobs/Roblox-Game,Others
https://www.indeed.com/m/jobs?q=Roblox+Remote,Others
https://blog.roblox.com/2023/08/introducing-roblox-career-center/,Others
"https://www.glassdoor.com/Overview/Working-at-Roblox-EI_IE242265.11,17.htm",Others
https://www.glassdoor.com/Reviews/Roblox-Reviews-E242265.htm,Others
https://robotiq.com/about/careers,Company Career Page
https://robotiq.com/about/careers/senior-mechanical-engineer,Company Career Page
https://robotiq.com/about/careers/spontaneous-application,Company Career Page
https://robotiq.com/about/careers/senior-integration-coach,Company Career Page
https://careers.smartrecruiters.com/ROBOTIQInc,Company Career Page
https://robotiq.com/about/careers/sales-engineer-malaysia-singapore,Company Career Page
https://robotiq.ai/careers/,Company Career Page
https://robotiq.com/about/careers/senior-hr-partner,Company Career Page
https://robotiq.ai/career/,Company Career Page
https://ca.indeed.com/cmp/Robotiq-1,Others
https://scale.com/careers,Company Career Page
https://scale.com/careers/4368630005,Company Career Page
https://scale.com/careers/4293652005,Company Career Page
https://scale.com/careers/4315761005,Company Career Page
https://boards.greenhouse.io/scaleai,Others
https://boards.greenhouse.io/scaleai/jobs/4315761005,Others
https://boards.greenhouse.io/scaleai/jobs/4372864005,Others
https://boards.greenhouse.io/scaleai/jobs/4359637005,Others
https://www.linkedin.com/company/scaleai/jobs,Company LinkedIn
https://website-lyudzje16-scaleai.vercel.app/careers,Company Career Page
https://careers.slb.com/,Company Career Page
https://careers.slb.com/early-careers,Company Career Page
https://careers.slb.com/job-listing,Company Career Page
https://careers.slb.com/experienced-roles,Company Career Page
https://careers.slb.com/early-careers/internships,Company Career Page
https://apply.slb.com/careers/job/563499715511448-early-careers-field-operations-multi-location-colombia?domain=slb.com,Company Career Page
https://careers.slb.com/jobaddetail,Company Career Page
https://apply.slb.com/careers/job/563499715511581-early-careers-remote-engineer-multi-location-brazil?domain=slb.com,Company Career Page
https://slb.dejobs.org/texas/usa/jobs/,Company Career Page
"https://www.indeed.com/q-schlumberger-l-cypress,-tx-jobs.html",Others
https://sentry.io/careers/,Company Career Page
https://www.indeed.com/q-sentry-l-texas-jobs.html,Others
https://jobs.sentry.com/,Company Direct Website
https://jobs.sentry.com/careers,Company Career Page
https://jobs.sentry.com/locations/stevens-point-wi,Company Career Page
https://jobs.sentry.com/locations/goldsboro-nc,Company Career Page
https://jobs.sentry.com/locations/el-paso-tx,Company Career Page
https://www.linkedin.com/company/getsentry/jobs,Company LinkedIn
https://www.ziprecruiter.com/Jobs/Sentry-Insurance/--in-Texas,Others
https://boards.greenhouse.io/sentry,Company Direct Website
https://www.siemens.com/global/en/company/jobs.html,Company Career Page
https://www.siemens.com/global/en/company/jobs/growth-careers.html,Company Career Page
https://www.mobility.siemens.com/global/en/company/jobs.html,Company Career Page
https://www.siemens.com/global/en/company/jobs/life-at-siemens.html,Company Career Page
https://www.siemens.com/global/en/company/jobs/how-we-hire.html,Company Career Page
https://www.siemens.com/us/en/company/jobs.html,Company Career Page
http://jobs.siemens.com/careers/*/houston_texas_united_states_of_america?domain=siemens.com&microsite=siemens.com,Company Career Page
https://www.siemens.com/us/en/company/jobs/search-careers.html,Company Career Page
https://usasiemens.dejobs.org/houston/texas/usa/jobs/siemens/careers/,Others
"https://www.indeed.com/q-siemens-l-cypress,-tx-jobs.html",Others
https://slack.com/careers,Company Career Page
https://salesforce.wd12.myworkdayjobs.com/Slack,Others
https://www.flexjobs.com/remote-jobs/company/slack,Others
https://www.linkedin.com/jobs/slack-remote-jobs,Company LinkedIn
https://www.linkedin.com/company/tiny-spec-inc,Company LinkedIn
https://www.ziprecruiter.com/Jobs/Slack-Com,Others
https://www.indeed.com/cmp/Slack,Others
https://careers.salesforce.com/en/our-teams/slack/,Others
https://www.ziprecruiter.com/co/Slack/Jobs?id=ul1vTcPyIRPsBU4RfEQO9fBaKCQ=,Others
https://www.indeed.com/q-slack-careers-jobs.html,Others
https://www.snapstream.com/careers,Company Career Page
https://www.indeed.com/cmp/Snapstream,Others
https://www.flexjobs.com/remote-jobs/company/snapstream,Others
https://www.linkedin.com/company/snapstream-media/jobs,Company LinkedIn
https://go.snapstream.com/contact,Company Direct Website
https://www.indeed.com/cmp/Snapstream-Media,Others
"https://www.glassdoor.com/Salary/SnapStream-Media-Houston-Salaries-EI_IE147694.0,16_IL.17,24_IM394.htm",Others
https://wellfound.com/company/snapstream/jobs,Others
"https://www.glassdoor.com/Overview/Working-at-SnapStream-Media-EI_IE147694.11,27.htm",Others
https://apply.workable.com/snapstream-media/j/90B1064F01/apply/,Others
https://careers.snap.com/jobs,Company Career Page
https://careers.snap.com/,Company Career Page
https://careers.snap.com/university,Company Career Page
https://careers.snap.com/offices,Company Career Page
https://careers.snap.com/benefits,Company Career Page
https://wd1.myworkdaysite.com/en-US/recruiting/snapchat/snap,Others
https://www.indeed.com/q-snapchat-jobs.html,Others
https://www.linkedin.com/company/snap-inc-co/jobs,Company LinkedIn
https://www.glassdoor.com/Jobs/Snap-Jobs-E671946.htm,Others
https://www.linkedin.com/jobs/snap-inc.-jobs,Company LinkedIn
https://emea.softbankrobotics.com/softbank-robotics-emea-career-page,Company Career Page
https://www.linkedin.com/company/softbankrobotics,Company LinkedIn
https://www.indeed.com/cmp/Softbank-Robotics-America,Others
https://www.softbankrobotics.com/,Company Direct Website
https://us.softbankrobotics.com/,Company Direct Website
https://www.softbankrobotics.com/solution/,Company Direct Website
https://www.softbankrobotics.com/aboutus/,Company Direct Website
https://www.softbankrobotics.com/group/,Company Direct Website
http://www.aldebaran.com/en/jobs,Company Career Page
https://www.linkedin.com/jobs/softbank-robotics-us-jobs,Company LinkedIn
https://www.spacex.com/careers/,Company Career Page
https://www.spacex.com/careers/jobs/,Company Career Page
https://www.glassdoor.com/Jobs/SpaceX-Jobs-E40371.htm,Others
https://www.indeed.com/cmp/Spacex,Company Career Page
https://www.linkedin.com/jobs/spacex-jobs,Company LinkedIn
https://boards.greenhouse.io/embed/job_board?for=spacex,Others
https://spacecrew.com/space-companies/spacex,Company Career Page
"https://www.ziprecruiter.com/co/Space-Exploration-Technologies/Jobs/-in-Brownsville,TX?id=i0LSnbgwoQofHQykQ6v1N6O0k9s=",Others
https://www.flexjobs.com/remote-jobs/company/spacex,Others
https://www.linkedin.com/jobs/space-exploration-technologies-spacex-jobs,Company LinkedIn
https://www.lifeatspotify.com/,Company Direct Website
https://www.lifeatspotify.com/students,Company Direct Website
https://www.lifeatspotify.com/how-we-hire,Others
https://www.lifeatspotify.com/locations,Company Career Page
https://www.lifeatspotify.com/latest,Company Career Page
https://www.lifeatspotify.com/being-here/work-from-anywhere,Company Direct Website
https://www.linkedin.com/company/spotify/jobs,Company LinkedIn
https://www.spotifyjobs.com/search-jobs/,Company Career Page
https://www.lifeatspotify.com/how-we-hire/apply,Company Career Page
https://www.lifeatspotify.com/how-we-hire/interview,Company Career Page
https://careers.squareup.com/us/en,Company Career Page
https://www.linkedin.com/company/joinsquare/jobs,Company LinkedIn
"https://www.indeed.com/q-square-careers-l-houston,-tx-jobs.html",Others
"https://www.indeed.com/q-square-texas-l-houston,-tx-jobs.html",Others
https://block.xyz/careers,Company Career Page
"https://www.glassdoor.com/Overview/Working-at-Square-EI_IE6548557.11,17.htm",Others
https://careers.smartrecruiters.com/Square?remoteLocation=true,Company Career Page
https://www.ziprecruiter.com/co/Square/Jobs?id=vPVhFw8wOUGlV7Rvns3_CpcpPfY=,Others
https://cambridgesquareliving.com/careers/,Company Career Page
https://careers.smartrecruiters.com/Square,Company Career Page
https://stackoverflow.co/company/work-here/,Company Career Page
https://stackoverflow.co/company/careers/,Company Career Page
http://stackoverflow.com/jobs/companies,Company Career Page
https://meta.stackoverflow.com/questions/415293/sunsetting-jobs-developer-story,Others
https://stackoverflow.com/jobs/companies/intuit,Company Career Page
https://stackoverflow.com/jobs/companies/paylocity,Company Career Page
https://stackoverflow.com/jobs/companies/adjoe,Company Career Page
https://www.linkedin.com/company/stack-overflow/jobs,Company LinkedIn
https://stackoverflow.com/,Company Direct Website
https://stackoverflow.com/jobs/companies,Company Career Page
https://stripe.com/jobs/search,Company Career Page
https://stripe.com/jobs/university,Company Career Page
https://stripe.com/jobs/listing/data-scientist/5601879,Company Career Page
https://stripe.com/jobs/listing/administrative-business-partner/5538881,Company Career Page
https://stripe.com/jobs/listing/analyst-relations-lead/5646764,Company Career Page
https://stripe.com/jobs,Company Career Page
https://stripe.com/jobs/life-at-stripe,Company Career Page
https://stripe.com/gb/jobs,Company Career Page
https://www.indeed.com/q-stripe-l-texas-jobs.html,Others
https://www.linkedin.com/jobs/stripe-jobs-houston-tx,Company LinkedIn
https://suitabletech.com/company/careers/136-careers,Company LinkedIn
https://www.indeed.com/cmp/Suitable-Technologies,Company Career Page
https://www.linkedin.com/jobs/suitable-technologies-jobs,Company LinkedIn
https://www.suitable.co/careers,Company Career Page
https://www.ziprecruiter.com/co/Suitable-Technologies/Jobs?id=gv80TcidmYt7xox3OftWdkCIaqI=,Others
"https://www.glassdoor.com/Overview/Working-at-Suitable-Technologies-EI_IE619336.11,32.htm",Others
https://www.linkedin.com/company/suitable-technologies,Company LinkedIn
https://www.thinkful.com/blog/tech-career-quiz/,Company Career Page
https://www.comptia.org/blog/can-i-make-six-figures-in-tech,Company Career Page
https://www.indeed.com/career-advice/finding-a-job/careers-in-technology-and-science,Company Career Page
https://careers.superside.com/,Company Career Page
https://www.linkedin.com/company/superside/jobs,Company LinkedIn
https://www.glassdoor.com/Jobs/Superside-Jobs-E1397130.htm,Others
https://www.linkedin.com/jobs/superside-jobs-worldwide,Company LinkedIn
https://www.flexjobs.com/remote-jobs/company/superside,Others
https://jobs.lever.co/superside,Company Career Page
https://www.superside.com/,Company Career Page
https://www.superside.com/why-us,Company Direct Website
https://status.superside.com/,Others
https://www.superside.com/our-work,Company Direct Website
https://careers.sysco.com/,Company Career Page
"https://www.indeed.com/q-sysco-l-cypress,-tx-jobs.html",Others
https://sysco.jobs/houston/texas/usa/jobs/,Company LinkedIn
"https://www.indeed.com/q-sysco-l-houston,-tx-jobs.html",Others
https://sysco.jobs/,Company LinkedIn
https://sysco.jobs/florida/usa/jobs/,Company Career Page
https://sysco.jobs/jobs/,Company LinkedIn
https://sysco.jobs/nashville/tennessee/usa/jobs/,Company Career Page
"https://www.ziprecruiter.com/co/Sysco/Jobs/-in-Houston,TX?id=82enj4shJ0JmNHsf4pia3qsLfeY=",Others
https://www.ziprecruiter.com/co/Sysco/Jobs/--in-Texas?id=82enj4shJ0JmNHsf4pia3qsLfeY=,Others
https://careers.tencent.com/,Company Career Page
https://www.linkedin.com/company/tencentglobal/jobs,Company LinkedIn
https://www.linkedin.com/jobs/tencent-games-jobs-worldwide,Company LinkedIn
https://www.indeed.com/q-tencent-jobs.html,Others
https://www.ziprecruiter.com/co/Tencent/Jobs,Others
https://www.indeed.com/cmp/Tencent,Others
https://www.levels.fyi/companies/tencent,Company Career Page
https://www.youtube.com/channel/UC5bHh6fosQrmaExEmzKgAaA,Company Career Page
https://www.glassdoor.com/Jobs/Tencent-Jobs-E38281.htm,Others
https://builtin.com/company/tencent/jobs,Company LinkedIn
https://terminus.com/job-board/,Company Career Page
https://jobs.lever.co/terminus/,Company Career Page
https://terminus.com/about-us/,Company Career Page
https://www.indeed.com/cmp/Terminus,Others
https://www.flexjobs.com/remote-jobs/company/terminus,Others
https://trustterminus.com/careers/,Company Career Page
https://www.linkedin.com/company/terminus-account-based-marketing,Company LinkedIn
https://www.terminustees.com/apply,Company Career Page
https://www.indeed.com/m/jobs?q=Terminus+Company,Company LinkedIn
https://talent.highalpha.com/jobs/terminus,Company LinkedIn
https://www.tesla.com/careers,Company Career Page
https://www.indeed.com/q-tesla-l-texas-jobs.html,Others
https://www.ziprecruiter.com/co/Tesla/Jobs/--in-Texas?id=dAX9vA1YWw8_6IlrmLm0qBhMpGs=,Others
https://www.indeed.com/m/jobs?q=Tesla&l=Cypress%2C+TX,Others
https://www.linkedin.com/jobs/tesla-jobs-greater-houston,Company LinkedIn
"https://www.glassdoor.com/Jobs/Tesla-Houston-Jobs-EI_IE43129.0,5_IL.6,13_IM394.htm",Others
https://www.linkedin.com/jobs/tesla-jobs,Company LinkedIn
https://www.glassdoor.com/Jobs/Tesla-Jobs-E43129.htm,Others
"https://www.ziprecruiter.com/co/Tesla/Jobs/-in-Houston,TX?id=dAX9vA1YWw8_6IlrmLm0qBhMpGs=",Others
https://teslagov.com/careers/,Company Career Page
https://www.tesla.com/careers/search/?query=autopilot,Company Career Page
https://www.tesla.com/careers/search/?query=Robot,Company Career Page
https://www.tesla.com/careers/search/job/robotics-engineer-autopilot-ai-120142,Company Career Page
https://www.tesla.com/careers/search/job/senior-slam-software-engineer-autopilot-ai-95226,Company Career Page
https://www.tesla.com/careers/search/job/sensor-software-engineer-autopilot-ai-187633,Company Career Page
https://www.tesla.com/careers/search/job/sr-ml-fullstack-engineer-autopilot-ai--181633,Company Career Page
"https://www.glassdoor.com/Jobs/Tesla-autopilot-Jobs-EI_IE43129.0,5_KO6,15.htm",Others
https://www.tesla.com/careers/search/job/fullstack-software-engineer-autopilot-ai-tesla-bot-190135,Company Career Page
https://www.tesla.com/careers/search/job/research-engineer-reinforcement-learning-and-imitation-learning-autopilot-ai-187690,Company Career Page
https://www.tesla.com/careers/search/job/software-engineer-autopilot-qa-209611,Company Career Page
https://www.thomsonreuters.com/en/careers.html,Company Career Page
https://thomsonreuters.wd5.myworkdayjobs.com/External_Career_Site,Company Career Page
https://careers.thomsonreuters.com/us/en/c/news-editorial-careers-jobs,Company Career Page
https://www.linkedin.com/company/thomson-reuters/jobs,Company LinkedIn
https://www.indeed.com/q-thomson-reuters-l-texas-jobs.html,Others
https://careers.thomsonreuters.com/us/en/home,Company Career Page
https://thomsonreuters.wd5.myworkdayjobs.com/External_Career_Site/0/refreshFacet/318c8bb6f553100021d223d9780d30be,Company Career Page
https://www.ziprecruiter.com/co/Thomson-Reuters/Jobs/--in-Texas?id=wqvDk906OCSnJ36nd+c3bSLp1A0=,Others
https://www.indeed.com/q-thomson-reuters-jobs.html,Others
"https://www.glassdoor.com/Jobs/Thomson-Reuters-Texas-Jobs-EI_IE100303.0,15_IL.16,21_IS1347.htm",Others
https://threod.com/company/job-vacancies/,Company Career Page
https://ee.linkedin.com/company/threod-systems,Company LinkedIn
https://ee.linkedin.com/jobs/view/mechanical-design-engineer-at-threod-systems-unmanned-aircraft-systems-3800441830,Company LinkedIn
https://threod.com/company/about/,Company Direct Website
https://threod.com/,Company Direct Website
https://threod.com/home/,Company Career Page
https://threod.com/c4i-systems/,Others
https://threod.com/training-and-simulation-systems/,Company Career Page
https://threod.com/products/,Company Direct Website
https://www.cv.ee/en/search/employer/threod-systems-as?employerId=21497&employerName=Threod%20Systems%20AS&referrer=/vacancy/1148110,Company Career Page
https://www.treasuredata.com/company/careers/,Company Career Page
https://www.treasuredata.com/product/,Company Career Page
https://console.treasuredata.com/,Company Direct Website
https://api-docs.treasuredata.com/,Company Direct Website
https://www.treasuredata.com/use-cases/,Company Career Page
https://www.linkedin.com/jobs/treasure-data-jobs,Company LinkedIn
https://boards.greenhouse.io/embed/job_board?for=treasuredata&b=http%3A%2F%2Fface.manavhit.com%2Fcompany%2Fjobs%2F,Others
https://www.glassdoor.com/Jobs/Treasure-Data-Jobs-E719282.htm,Others
https://www.indeed.com/cmp/Treasure-Data,Others
https://www.flexjobs.com/remote-jobs/company/treasure_data,Others
https://www.twitch.tv/jobs/en/careers/,Company Career Page
https://www.twitch.tv/jobs/careers/7291796002/,Company Career Page
https://www.twitch.tv/jobs/careers/7119062002/,Company Career Page
https://www.twitch.tv/jobs/careers/7320464002/,Company Career Page
https://www.twitch.tv/jobs/en/,Company Career Page
https://www.twitch.tv/jobs/en/early-career/,Company Career Page
https://www.twitch.tv/jobs/en/interviewing/,Company Career Page
https://www.twitch.tv/jobs/en/equity-inclusion/,Company Career Page
https://www.linkedin.com/company/twitch-tv/jobs,Company LinkedIn
https://www.amazon.jobs/en/teams/twitch,Company Career Page
https://www.universal-robots.com/fi/ura/,Company Career Page
https://jobs.teradyne.com/UR/,Company LinkedIn
https://www.universal-robots.com/about-universal-robots/careers/,Company Direct Website
https://www.linkedin.com/company/universal-robots,Company LinkedIn
https://www.ziprecruiter.com/Jobs/Universal-Robots,Others
https://www.linkedin.com/jobs/universal-robots-jobs-worldwide,Company LinkedIn
https://www.universal-robots.com/fi/ura/working-at-ur/,Others
https://www.indeed.com/cmp/Universal-Robots,Others
"https://www.glassdoor.com/Overview/Working-at-Universal-Robots-EI_IE1312619.11,27.htm",Others
https://www.indeed.com/q-universal-robot-jobs.html,Others
https://careers.veeva.com/,Company Career Page
https://careers.veeva.com/job-search-results/,Company Career Page
https://careers.veeva.com/engineering/,Company Career Page
https://careers.veeva.com/boston/,Company Career Page
https://careers.veeva.com/why-veeva/,Company Career Page
https://careers.veeva.com/job/16246955/marketing-data-analyst-new-york-ny/,Company Career Page
https://careers.veeva.com/job/19649075/software-engineer-full-stack-remote/,Company Career Page
https://careers.veeva.com/job/14149730/associate-consultant-boston-ma/,Company Career Page
https://verra.org/about/opportunities/,Company Career Page
https://www.tvc.texas.gov/education/veeraapplications/,Others
https://www.linkedin.com/company/vertical-careers,Company LinkedIn
https://vertical-aerospace.com/careers/,Company Career Page
https://www.ziprecruiter.com/Jobs/Vertical-Staffing/--in-Texas,Others
https://www.indeed.com/q-vertical-transportation-consultant-jobs.html,Others
https://www.alt.xyz/careers,Company Career Page
https://www.linkedin.com/company/verticalofficial,Company LinkedIn
https://verticalmag.com/careers/,Company Career Page
https://jobs.unitedrentals.com/search/jobdetails/vertical-sales-rep---climate-solutions/e03fa941-31aa-497a-ad15-810781bb67e0,Company Career Page
https://tea.texas.gov/student-assessment/testing/staar-alternate/staar-alternate-2-resources,Company Career Page
https://www.indeed.com/m/jobs?q=Vertical+Market&l=Miami%2C+FL,Others
https://vimeo.com/careers,Company Career Page
https://boards.greenhouse.io/vimeo,Others
https://vimeo.com/for-hire/jobs,Others
https://www.linkedin.com/company/vimeo/jobs,Company LinkedIn
"https://www.indeed.com/q-vimeo-l-houston,-tx-jobs.html",Others
https://www.glassdoor.com/Jobs/Vimeo-Jobs-E563760.htm,Others
https://www.flexjobs.com/remote-jobs/company/vimeo,Others
https://www.indeed.com/cmp/Vimeo/jobs,Others
https://www.linkedin.com/jobs/vimeo-jobs-greater-houston,Company LinkedIn
https://vimeo.com/for-hire,Others
https://www.vitesco-technologies.com/en-us/careers,Company Career Page
https://jobs.vitesco-technologies.com/,Others
https://jobs.vitesco-technologies.com/search/,Company Career Page
https://jobs.vitesco-technologies.com/go/All-Jobs/946802/,Company Career Page
https://jobs.vitesco-technologies.com/content/Career-Development/?locale=en_US,Company Career Page
https://jobs.vitesco-technologies.com/content/Students/?locale=en_US,Company LinkedIn
https://www.indeed.com/q-vitesco-technologies-l-texas-jobs.html,Others
https://jobs.vitesco-technologies.com/us/go/All-Jobs-USA/946902/,Company Career Page
https://www.ziprecruiter.com/co/Vitesco-Technologies/Jobs/--in-Texas,Others
https://jobs.vitesco-technologies.com/us/?locale=en_US,Company LinkedIn
https://careers.wipro.com/,Company Career Page
https://www.indeed.com/cmp/Wipro/locations/TX/Houston,Others
"https://www.ziprecruiter.com/co/Wipro/Jobs/-in-Houston,TX",Others
https://www.linkedin.com/jobs/wipro-jobs,Company LinkedIn
https://www.linkedin.com/company/wipro/jobs,Company LinkedIn
https://www.indeed.com/q-wipro-jobs.html,Others
https://www.glassdoor.com/Jobs/Wipro-Jobs-E9936.htm,Others
https://www.ziprecruiter.com/Jobs/Wipro/--in-Texas,Others
https://www.naukri.com/wipro-jobs,Company LinkedIn
https://www.naukri.com/wipro-jobs-careers-1384,Company Career Page
https://www.yaskawa.com/about-us/careers,Company Career Page
https://www.yaskawa.com/about-us/careers/search-jobs,Company Career Page
https://www.motoman.com/en-us/about/company/careers,Company Career Page
https://www.indeed.com/q-yaskawa-jobs.html,Others
https://www.yaskawa-global.com/jobs,Company Career Page
https://www.yaskawa.com/about-us/careers/search-jobs?p_p_id=yasjobsearch_WAR_yasjobsearchportlet&p_p_lifecycle=0&p_p_state=normal&p_p_mode=view&p_p_col_id=column-2&p_p_col_count=1&_yasjobsearch_WAR_yasjobsearchportlet_jspPage=%2Fhtml%2Fview.jsp&_yasjobsearch_WAR_yasjobsearchportlet_delta=9&_yasjobsearch_WAR_yasjobsearchportlet_keywords=&_yasjobsearch_WAR_yasjobsearchportlet_advancedSearch=false&_yasjobsearch_WAR_yasjobsearchportlet_andOperator=true&_yasjobsearch_WAR_yasjobsearchportlet_orderByCol=jobPostingDate&_yasjobsearch_WAR_yasjobsearchportlet_orderByType=asc&_yasjobsearch_WAR_yasjobsearchportlet_resetCur=false&_yasjobsearch_WAR_yasjobsearchportlet_cur=5,Company Career Page
https://www.indeed.com/q-yaskawa-america-jobs.html,Others
https://www.linkedin.com/company/yaskawa-america-inc/jobs,Company LinkedIn
https://www.glassdoor.com/Jobs/Yaskawa-Electric-America-Jobs-E20238.htm,Others
https://www.linkedin.com/jobs/yaskawa-america-inc-jobs-oak-creek-wi,Company LinkedIn
https://jobs.zendesk.com/us/en,Company Career Page
"https://www.indeed.com/q-zendesk-l-cypress,-tx-jobs.html",Others
https://www.ziprecruiter.com/Jobs/Zendesk/--in-Texas,Others
https://www.linkedin.com/company/zendesk/jobs,Company LinkedIn
https://www.indeed.com/q-zendesk-l-texas-jobs.html,Others
https://zendesk.wd1.myworkdayjobs.com/zendesk,Company Career Page
https://www.zendesk.com/,Company Career Page
https://jobs.zendesk.com/,Company LinkedIn
https://www.zendesk.com/login/,Company Career Page
https://www.zendesk.com/pricing/,Company Career Page
https://www.zillow.com/careers/,Company Career Page
https://www.zillow.com/careers/teams/,Company Career Page
https://www.zillow.com/careers/internships/,Company Career Page
https://www.zillow.com/careers/life-at-zillow/,Company Career Page
https://www.zillow.com/careers/benefits/,Company Career Page
https://zillow.wd5.myworkdayjobs.com/Zillow_Group_External,Company Career Page
https://www.indeed.com/q-zillow-career-l-texas-jobs.html,Others
https://www.ziprecruiter.com/Jobs/Zillow-Real-Estate/--in-Texas,Others
https://www.ziprecruiter.com/Jobs/Zillow-Group/--in-Texas,Others
https://www.indeed.com/q-zillow-agent-l-texas-jobs.html,Others
https://careers.irobot.com/,Company Career Page
https://www.linkedin.com/company/irobot/jobs,Company LinkedIn
https://irobot.wd5.myworkdayjobs.com/iRobot,Company Career Page
https://www.indeed.com/cmp/Irobot,Others
https://www.flexjobs.com/remote-jobs/company/irobot,Others
https://about.irobot.com/,Company Direct Website
https://about.irobot.com/History,Company Direct Website
https://about.irobot.com/Where-To-Buy,Company Direct Website
https://about.irobot.com/Leadership-Team,Company Direct Website
https://about.irobot.com/Affiliates,Company Direct Website
